date,chair,num_governors,num_bank_presidents,avg_policy_stance,hawk_count,dove_count,governor_names,president_names
1990-02-07,Alan Greenspan,6,2,0.0,2,2,Alan Greenspan|Edward W. Kelley Jr.|John P. LaWare|Wayne D. Angell|Manuel H. Johnson|Martha R. Seger,E. Gerald Corrigan|Gary H. Stern
1990-03-27,Alan Greenspan,6,2,0.0,2,2,Alan Greenspan|Edward W. Kelley Jr.|John P. LaWare|Wayne D. Angell|Manuel H. Johnson|Martha R. Seger,E. Gerald Corrigan|Gary H. Stern
1990-05-15,Alan Greenspan,6,2,0.0,2,2,Alan Greenspan|Edward W. Kelley Jr.|John P. LaWare|Wayne D. Angell|Manuel H. Johnson|Martha R. Seger,E. Gerald Corrigan|Gary H. Stern
1990-07-03,Alan Greenspan,7,2,0.0,2,2,Alan Greenspan|Edward W. Kelley Jr.|John P. LaWare|David W. Mullins Jr.|Wayne D. Angell|Manuel H. Johnson|Martha R. Seger,E. Gerald Corrigan|Gary H. Stern
1990-08-21,Alan Greenspan,6,2,0.12,2,1,Alan Greenspan|Edward W. Kelley Jr.|John P. LaWare|David W. Mullins Jr.|Wayne D. Angell|Martha R. Seger,E. Gerald Corrigan|Gary H. Stern
1990-10-02,Alan Greenspan,6,2,0.12,2,1,Alan Greenspan|Edward W. Kelley Jr.|John P. LaWare|David W. Mullins Jr.|Wayne D. Angell|Martha R. Seger,E. Gerald Corrigan|Gary H. Stern
1990-11-13,Alan Greenspan,6,2,0.12,2,1,Alan Greenspan|Edward W. Kelley Jr.|John P. LaWare|David W. Mullins Jr.|Wayne D. Angell|Martha R. Seger,E. Gerald Corrigan|Gary H. Stern
1990-12-18,Alan Greenspan,6,2,0.12,2,1,Alan Greenspan|Edward W. Kelley Jr.|John P. LaWare|David W. Mullins Jr.|Wayne D. Angell|Martha R. Seger,E. Gerald Corrigan|Gary H. Stern
1991-02-06,Alan Greenspan,6,3,0.0,2,2,Alan Greenspan|Edward W. Kelley Jr.|John P. LaWare|David W. Mullins Jr.|Wayne D. Angell|Martha R. Seger,E. Gerald Corrigan|Gary H. Stern|Robert D. McTeer Jr.
1991-03-26,Alan Greenspan,5,3,0.25,2,1,Alan Greenspan|Edward W. Kelley Jr.|John P. LaWare|David W. Mullins Jr.|Wayne D. Angell,E. Gerald Corrigan|Gary H. Stern|Robert D. McTeer Jr.
1991-05-14,Alan Greenspan,5,3,0.25,2,1,Alan Greenspan|Edward W. Kelley Jr.|John P. LaWare|David W. Mullins Jr.|Wayne D. Angell,E. Gerald Corrigan|Gary H. Stern|Robert D. McTeer Jr.
1991-07-03,Alan Greenspan,5,3,0.25,2,1,Alan Greenspan|Edward W. Kelley Jr.|John P. LaWare|David W. Mullins Jr.|Wayne D. Angell,E. Gerald Corrigan|Gary H. Stern|Robert D. McTeer Jr.
1991-08-20,Alan Greenspan,5,3,0.25,2,1,Alan Greenspan|Edward W. Kelley Jr.|John P. LaWare|David W. Mullins Jr.|Wayne D. Angell,E. Gerald Corrigan|Gary H. Stern|Robert D. McTeer Jr.
1991-10-01,Alan Greenspan,5,4,0.44,3,1,Alan Greenspan|Edward W. Kelley Jr.|John P. LaWare|David W. Mullins Jr.|Wayne D. Angell,E. Gerald Corrigan|Gary H. Stern|Robert D. McTeer Jr.|Thomas M. Hoenig
1991-11-05,Alan Greenspan,5,4,0.44,3,1,Alan Greenspan|Edward W. Kelley Jr.|John P. LaWare|David W. Mullins Jr.|Wayne D. Angell,E. Gerald Corrigan|Gary H. Stern|Robert D. McTeer Jr.|Thomas M. Hoenig
1991-12-17,Alan Greenspan,7,4,0.45,4,1,Alan Greenspan|Edward W. Kelley Jr.|Lawrence B. Lindsey|Susan M. Phillips|John P. LaWare|David W. Mullins Jr.|Wayne D. Angell,E. Gerald Corrigan|Gary H. Stern|Robert D. McTeer Jr.|Thomas M. Hoenig
1992-02-05,Alan Greenspan,7,4,0.45,4,1,Alan Greenspan|Edward W. Kelley Jr.|Lawrence B. Lindsey|Susan M. Phillips|John P. LaWare|David W. Mullins Jr.|Wayne D. Angell,E. Gerald Corrigan|Gary H. Stern|Robert D. McTeer Jr.|Thomas M. Hoenig
1992-03-31,Alan Greenspan,7,4,0.45,4,1,Alan Greenspan|Edward W. Kelley Jr.|Lawrence B. Lindsey|Susan M. Phillips|John P. LaWare|David W. Mullins Jr.|Wayne D. Angell,E. Gerald Corrigan|Gary H. Stern|Robert D. McTeer Jr.|Thomas M. Hoenig
1992-05-19,Alan Greenspan,7,4,0.45,4,1,Alan Greenspan|Edward W. Kelley Jr.|Lawrence B. Lindsey|Susan M. Phillips|John P. LaWare|David W. Mullins Jr.|Wayne D. Angell,E. Gerald Corrigan|Gary H. Stern|Robert D. McTeer Jr.|Thomas M. Hoenig
1992-07-01,Alan Greenspan,7,4,0.45,4,1,Alan Greenspan|Edward W. Kelley Jr.|Lawrence B. Lindsey|Susan M. Phillips|John P. LaWare|David W. Mullins Jr.|Wayne D. Angell,E. Gerald Corrigan|Gary H. Stern|Robert D. McTeer Jr.|Thomas M. Hoenig
1992-08-18,Alan Greenspan,7,4,0.45,4,1,Alan Greenspan|Edward W. Kelley Jr.|Lawrence B. Lindsey|Susan M. Phillips|John P. LaWare|David W. Mullins Jr.|Wayne D. Angell,E. Gerald Corrigan|Gary H. Stern|Robert D. McTeer Jr.|Thomas M. Hoenig
1992-10-06,Alan Greenspan,7,4,0.45,4,1,Alan Greenspan|Edward W. Kelley Jr.|Lawrence B. Lindsey|Susan M. Phillips|John P. LaWare|David W. Mullins Jr.|Wayne D. Angell,E. Gerald Corrigan|Gary H. Stern|Robert D. McTeer Jr.|Thomas M. Hoenig
1992-11-17,Alan Greenspan,7,4,0.45,4,1,Alan Greenspan|Edward W. Kelley Jr.|Lawrence B. Lindsey|Susan M. Phillips|John P. LaWare|David W. Mullins Jr.|Wayne D. Angell,E. Gerald Corrigan|Gary H. Stern|Robert D. McTeer Jr.|Thomas M. Hoenig
1992-12-22,Alan Greenspan,7,4,0.45,4,1,Alan Greenspan|Edward W. Kelley Jr.|Lawrence B. Lindsey|Susan M. Phillips|John P. LaWare|David W. Mullins Jr.|Wayne D. Angell,E. Gerald Corrigan|Gary H. Stern|Robert D. McTeer Jr.|Thomas M. Hoenig
1993-02-03,Alan Greenspan,7,5,0.58,5,1,Alan Greenspan|Edward W. Kelley Jr.|Lawrence B. Lindsey|Susan M. Phillips|John P. LaWare|David W. Mullins Jr.|Wayne D. Angell,E. Gerald Corrigan|Gary H. Stern|J. Alfred Broaddus Jr.|Robert D. McTeer Jr.|Thomas M. Hoenig
1993-03-23,Alan Greenspan,7,5,0.58,5,1,Alan Greenspan|Edward W. Kelley Jr.|Lawrence B. Lindsey|Susan M. Phillips|John P. LaWare|David W. Mullins Jr.|Wayne D. Angell,E. Gerald Corrigan|Gary H. Stern|J. Alfred Broaddus Jr.|Robert D. McTeer Jr.|Thomas M. Hoenig
1993-05-18,Alan Greenspan,7,5,0.58,5,1,Alan Greenspan|Edward W. Kelley Jr.|Lawrence B. Lindsey|Susan M. Phillips|John P. LaWare|David W. Mullins Jr.|Wayne D. Angell,E. Gerald Corrigan|Gary H. Stern|J. Alfred Broaddus Jr.|Robert D. McTeer Jr.|Thomas M. Hoenig
1993-07-07,Alan Greenspan,7,5,0.58,5,1,Alan Greenspan|Edward W. Kelley Jr.|Lawrence B. Lindsey|Susan M. Phillips|John P. LaWare|David W. Mullins Jr.|Wayne D. Angell,E. Gerald Corrigan|Gary H. Stern|J. Alfred Broaddus Jr.|Robert D. McTeer Jr.|Thomas M. Hoenig
1993-08-17,Alan Greenspan,7,5,0.58,5,1,Alan Greenspan|Edward W. Kelley Jr.|Lawrence B. Lindsey|Susan M. Phillips|John P. LaWare|David W. Mullins Jr.|Wayne D. Angell,William J. McDonough|Gary H. Stern|J. Alfred Broaddus Jr.|Robert D. McTeer Jr.|Thomas M. Hoenig
1993-09-21,Alan Greenspan,7,5,0.58,5,1,Alan Greenspan|Edward W. Kelley Jr.|Lawrence B. Lindsey|Susan M. Phillips|John P. LaWare|David W. Mullins Jr.|Wayne D. Angell,William J. McDonough|Gary H. Stern|J. Alfred Broaddus Jr.|Robert D. McTeer Jr.|Thomas M. Hoenig
1993-11-16,Alan Greenspan,7,5,0.58,5,1,Alan Greenspan|Edward W. Kelley Jr.|Lawrence B. Lindsey|Susan M. Phillips|John P. LaWare|David W. Mullins Jr.|Wayne D. Angell,William J. McDonough|Gary H. Stern|J. Alfred Broaddus Jr.|Robert D. McTeer Jr.|Thomas M. Hoenig
1993-12-21,Alan Greenspan,7,5,0.58,5,1,Alan Greenspan|Edward W. Kelley Jr.|Lawrence B. Lindsey|Susan M. Phillips|John P. LaWare|David W. Mullins Jr.|Wayne D. Angell,William J. McDonough|Gary H. Stern|J. Alfred Broaddus Jr.|Robert D. McTeer Jr.|Thomas M. Hoenig
1994-02-04,Alan Greenspan,7,5,0.58,5,1,Alan Greenspan|Edward W. Kelley Jr.|Lawrence B. Lindsey|Susan M. Phillips|John P. LaWare|David W. Mullins Jr.|Wayne D. Angell,William J. McDonough|Gary H. Stern|J. Alfred Broaddus Jr.|Robert D. McTeer Jr.|Thomas M. Hoenig
1994-03-22,Alan Greenspan,5,5,0.5,4,1,Alan Greenspan|Edward W. Kelley Jr.|Lawrence B. Lindsey|Susan M. Phillips|John P. LaWare,William J. McDonough|Gary H. Stern|J. Alfred Broaddus Jr.|Robert D. McTeer Jr.|Thomas M. Hoenig
1994-04-18,Alan Greenspan,5,5,0.5,4,1,Alan Greenspan|Edward W. Kelley Jr.|Lawrence B. Lindsey|Susan M. Phillips|John P. LaWare,William J. McDonough|Gary H. Stern|J. Alfred Broaddus Jr.|Robert D. McTeer Jr.|Thomas M. Hoenig
1994-05-17,Alan Greenspan,5,5,0.5,4,1,Alan Greenspan|Edward W. Kelley Jr.|Lawrence B. Lindsey|Susan M. Phillips|John P. LaWare,William J. McDonough|Gary H. Stern|J. Alfred Broaddus Jr.|Robert D. McTeer Jr.|Thomas M. Hoenig
1994-07-06,Alan Greenspan,5,5,0.5,4,1,Alan Greenspan|Edward W. Kelley Jr.|Lawrence B. Lindsey|Susan M. Phillips|John P. LaWare,William J. McDonough|Gary H. Stern|J. Alfred Broaddus Jr.|Robert D. McTeer Jr.|Thomas M. Hoenig
1994-08-16,Alan Greenspan,5,6,0.55,5,1,Alan Greenspan|Edward W. Kelley Jr.|Lawrence B. Lindsey|Susan M. Phillips|John P. LaWare,William J. McDonough|Gary H. Stern|J. Alfred Broaddus Jr.|Robert D. McTeer Jr.|Cathy E. Minehan|Thomas M. Hoenig
1994-09-27,Alan Greenspan,5,7,0.58,6,1,Alan Greenspan|Edward W. Kelley Jr.|Lawrence B. Lindsey|Susan M. Phillips|John P. LaWare,William J. McDonough|Gary H. Stern|Michael H. Moskow|J. Alfred Broaddus Jr.|Robert D. McTeer Jr.|Cathy E. Minehan|Thomas M. Hoenig
1994-11-15,Alan Greenspan,5,7,0.58,6,1,Alan Greenspan|Edward W. Kelley Jr.|Lawrence B. Lindsey|Susan M. Phillips|John P. LaWare,William J. McDonough|Gary H. Stern|Michael H. Moskow|J. Alfred Broaddus Jr.|Robert D. McTeer Jr.|Cathy E. Minehan|Thomas M. Hoenig
1994-12-20,Alan Greenspan,5,7,0.58,6,1,Alan Greenspan|Edward W. Kelley Jr.|Lawrence B. Lindsey|Susan M. Phillips|John P. LaWare,William J. McDonough|Gary H. Stern|Michael H. Moskow|J. Alfred Broaddus Jr.|Robert D. McTeer Jr.|Cathy E. Minehan|Thomas M. Hoenig
1995-02-01,Alan Greenspan,5,7,0.58,6,1,Alan Greenspan|Edward W. Kelley Jr.|Lawrence B. Lindsey|Susan M. Phillips|John P. LaWare,William J. McDonough|Gary H. Stern|Michael H. Moskow|J. Alfred Broaddus Jr.|Robert D. McTeer Jr.|Cathy E. Minehan|Thomas M. Hoenig
1995-03-28,Alan Greenspan,5,7,0.58,6,1,Alan Greenspan|Edward W. Kelley Jr.|Lawrence B. Lindsey|Susan M. Phillips|John P. LaWare,William J. McDonough|Gary H. Stern|Michael H. Moskow|J. Alfred Broaddus Jr.|Robert D. McTeer Jr.|Cathy E. Minehan|Thomas M. Hoenig
1995-05-23,Alan Greenspan,4,7,0.64,6,1,Alan Greenspan|Edward W. Kelley Jr.|Lawrence B. Lindsey|Susan M. Phillips,William J. McDonough|Gary H. Stern|Michael H. Moskow|J. Alfred Broaddus Jr.|Robert D. McTeer Jr.|Cathy E. Minehan|Thomas M. Hoenig
1995-07-06,Alan Greenspan,4,7,0.64,6,1,Alan Greenspan|Edward W. Kelley Jr.|Lawrence B. Lindsey|Susan M. Phillips,William J. McDonough|Gary H. Stern|Michael H. Moskow|J. Alfred Broaddus Jr.|Robert D. McTeer Jr.|Cathy E. Minehan|Thomas M. Hoenig
1995-08-22,Alan Greenspan,4,7,0.64,6,1,Alan Greenspan|Edward W. Kelley Jr.|Lawrence B. Lindsey|Susan M. Phillips,William J. McDonough|Gary H. Stern|Michael H. Moskow|J. Alfred Broaddus Jr.|Robert D. McTeer Jr.|Cathy E. Minehan|Thomas M. Hoenig
1995-09-26,Alan Greenspan,4,7,0.64,6,1,Alan Greenspan|Edward W. Kelley Jr.|Lawrence B. Lindsey|Susan M. Phillips,William J. McDonough|Gary H. Stern|Michael H. Moskow|J. Alfred Broaddus Jr.|Robert D. McTeer Jr.|Cathy E. Minehan|Thomas M. Hoenig
1995-11-15,Alan Greenspan,4,7,0.64,6,1,Alan Greenspan|Edward W. Kelley Jr.|Lawrence B. Lindsey|Susan M. Phillips,William J. McDonough|Gary H. Stern|Michael H. Moskow|J. Alfred Broaddus Jr.|Robert D. McTeer Jr.|Cathy E. Minehan|Thomas M. Hoenig
1995-12-19,Alan Greenspan,4,7,0.64,6,1,Alan Greenspan|Edward W. Kelley Jr.|Lawrence B. Lindsey|Susan M. Phillips,William J. McDonough|Gary H. Stern|Michael H. Moskow|J. Alfred Broaddus Jr.|Robert D. McTeer Jr.|Cathy E. Minehan|Thomas M. Hoenig
1996-01-31,Alan Greenspan,4,8,0.58,6,1,Alan Greenspan|Edward W. Kelley Jr.|Lawrence B. Lindsey|Susan M. Phillips,William J. McDonough|Gary H. Stern|Michael H. Moskow|J. Alfred Broaddus Jr.|Robert D. McTeer Jr.|Jack Guynn|Cathy E. Minehan|Thomas M. Hoenig
1996-03-26,Alan Greenspan,4,8,0.58,6,1,Alan Greenspan|Edward W. Kelley Jr.|Lawrence B. Lindsey|Susan M. Phillips,William J. McDonough|Gary H. Stern|Michael H. Moskow|J. Alfred Broaddus Jr.|Robert D. McTeer Jr.|Jack Guynn|Cathy E. Minehan|Thomas M. Hoenig
1996-05-21,Alan Greenspan,4,8,0.58,6,1,Alan Greenspan|Edward W. Kelley Jr.|Lawrence B. Lindsey|Susan M. Phillips,William J. McDonough|Gary H. Stern|Michael H. Moskow|J. Alfred Broaddus Jr.|Robert D. McTeer Jr.|Jack Guynn|Cathy E. Minehan|Thomas M. Hoenig
1996-07-03,Alan Greenspan,6,8,0.57,7,1,Alan Greenspan|Laurence H. Meyer|Edward W. Kelley Jr.|Alice M. Rivlin|Lawrence B. Lindsey|Susan M. Phillips,William J. McDonough|Gary H. Stern|Michael H. Moskow|J. Alfred Broaddus Jr.|Robert D. McTeer Jr.|Jack Guynn|Cathy E. Minehan|Thomas M. Hoenig
1996-08-20,Alan Greenspan,6,8,0.57,7,1,Alan Greenspan|Laurence H. Meyer|Edward W. Kelley Jr.|Alice M. Rivlin|Lawrence B. Lindsey|Susan M. Phillips,William J. McDonough|Gary H. Stern|Michael H. Moskow|J. Alfred Broaddus Jr.|Robert D. McTeer Jr.|Jack Guynn|Cathy E. Minehan|Thomas M. Hoenig
1996-09-24,Alan Greenspan,6,8,0.57,7,1,Alan Greenspan|Laurence H. Meyer|Edward W. Kelley Jr.|Alice M. Rivlin|Lawrence B. Lindsey|Susan M. Phillips,William J. McDonough|Gary H. Stern|Michael H. Moskow|J. Alfred Broaddus Jr.|Robert D. McTeer Jr.|Jack Guynn|Cathy E. Minehan|Thomas M. Hoenig
1996-11-13,Alan Greenspan,6,8,0.57,7,1,Alan Greenspan|Laurence H. Meyer|Edward W. Kelley Jr.|Alice M. Rivlin|Lawrence B. Lindsey|Susan M. Phillips,William J. McDonough|Gary H. Stern|Michael H. Moskow|J. Alfred Broaddus Jr.|Robert D. McTeer Jr.|Jack Guynn|Cathy E. Minehan|Thomas M. Hoenig
1996-12-17,Alan Greenspan,6,8,0.57,7,1,Alan Greenspan|Laurence H. Meyer|Edward W. Kelley Jr.|Alice M. Rivlin|Lawrence B. Lindsey|Susan M. Phillips,William J. McDonough|Gary H. Stern|Michael H. Moskow|J. Alfred Broaddus Jr.|Robert D. McTeer Jr.|Jack Guynn|Cathy E. Minehan|Thomas M. Hoenig
1997-02-05,Alan Greenspan,6,8,0.57,7,1,Alan Greenspan|Laurence H. Meyer|Edward W. Kelley Jr.|Alice M. Rivlin|Lawrence B. Lindsey|Susan M. Phillips,William J. McDonough|Gary H. Stern|Michael H. Moskow|J. Alfred Broaddus Jr.|Robert D. McTeer Jr.|Jack Guynn|Cathy E. Minehan|Thomas M. Hoenig
1997-03-25,Alan Greenspan,5,8,0.54,6,1,Alan Greenspan|Laurence H. Meyer|Edward W. Kelley Jr.|Alice M. Rivlin|Susan M. Phillips,William J. McDonough|Gary H. Stern|Michael H. Moskow|J. Alfred Broaddus Jr.|Robert D. McTeer Jr.|Jack Guynn|Cathy E. Minehan|Thomas M. Hoenig
1997-05-20,Alan Greenspan,5,8,0.54,6,1,Alan Greenspan|Laurence H. Meyer|Edward W. Kelley Jr.|Alice M. Rivlin|Susan M. Phillips,William J. McDonough|Gary H. Stern|Michael H. Moskow|J. Alfred Broaddus Jr.|Robert D. McTeer Jr.|Jack Guynn|Cathy E. Minehan|Thomas M. Hoenig
1997-07-02,Alan Greenspan,5,8,0.54,6,1,Alan Greenspan|Laurence H. Meyer|Edward W. Kelley Jr.|Alice M. Rivlin|Susan M. Phillips,William J. McDonough|Gary H. Stern|Michael H. Moskow|J. Alfred Broaddus Jr.|Robert D. McTeer Jr.|Jack Guynn|Cathy E. Minehan|Thomas M. Hoenig
1997-08-19,Alan Greenspan,5,8,0.54,6,1,Alan Greenspan|Laurence H. Meyer|Edward W. Kelley Jr.|Alice M. Rivlin|Susan M. Phillips,William J. McDonough|Gary H. Stern|Michael H. Moskow|J. Alfred Broaddus Jr.|Robert D. McTeer Jr.|Jack Guynn|Cathy E. Minehan|Thomas M. Hoenig
1997-09-30,Alan Greenspan,5,8,0.54,6,1,Alan Greenspan|Laurence H. Meyer|Edward W. Kelley Jr.|Alice M. Rivlin|Susan M. Phillips,William J. McDonough|Gary H. Stern|Michael H. Moskow|J. Alfred Broaddus Jr.|Robert D. McTeer Jr.|Jack Guynn|Cathy E. Minehan|Thomas M. Hoenig
1997-11-12,Alan Greenspan,7,8,0.4,6,2,Alan Greenspan|Roger W. Ferguson Jr.|Edward M. Gramlich|Laurence H. Meyer|Edward W. Kelley Jr.|Alice M. Rivlin|Susan M. Phillips,William J. McDonough|Gary H. Stern|Michael H. Moskow|J. Alfred Broaddus Jr.|Robert D. McTeer Jr.|Jack Guynn|Cathy E. Minehan|Thomas M. Hoenig
1997-12-16,Alan Greenspan,7,8,0.4,6,2,Alan Greenspan|Roger W. Ferguson Jr.|Edward M. Gramlich|Laurence H. Meyer|Edward W. Kelley Jr.|Alice M. Rivlin|Susan M. Phillips,William J. McDonough|Gary H. Stern|Michael H. Moskow|J. Alfred Broaddus Jr.|Robert D. McTeer Jr.|Jack Guynn|Cathy E. Minehan|Thomas M. Hoenig
1998-02-04,Alan Greenspan,7,8,0.4,6,2,Alan Greenspan|Roger W. Ferguson Jr.|Edward M. Gramlich|Laurence H. Meyer|Edward W. Kelley Jr.|Alice M. Rivlin|Susan M. Phillips,William J. McDonough|Gary H. Stern|Michael H. Moskow|J. Alfred Broaddus Jr.|Robert D. McTeer Jr.|Jack Guynn|Cathy E. Minehan|Thomas M. Hoenig
1998-03-31,Alan Greenspan,7,9,0.5,7,2,Alan Greenspan|Roger W. Ferguson Jr.|Edward M. Gramlich|Laurence H. Meyer|Edward W. Kelley Jr.|Alice M. Rivlin|Susan M. Phillips,William J. McDonough|Gary H. Stern|Michael H. Moskow|J. Alfred Broaddus Jr.|Robert D. McTeer Jr.|William Poole|Jack Guynn|Cathy E. Minehan|Thomas M. Hoenig
1998-05-19,Alan Greenspan,7,9,0.5,7,2,Alan Greenspan|Roger W. Ferguson Jr.|Edward M. Gramlich|Laurence H. Meyer|Edward W. Kelley Jr.|Alice M. Rivlin|Susan M. Phillips,William J. McDonough|Gary H. Stern|Michael H. Moskow|J. Alfred Broaddus Jr.|Robert D. McTeer Jr.|William Poole|Jack Guynn|Cathy E. Minehan|Thomas M. Hoenig
1998-07-01,Alan Greenspan,6,9,0.53,7,2,Alan Greenspan|Roger W. Ferguson Jr.|Edward M. Gramlich|Laurence H. Meyer|Edward W. Kelley Jr.|Alice M. Rivlin,William J. McDonough|Gary H. Stern|Michael H. Moskow|J. Alfred Broaddus Jr.|Robert D. McTeer Jr.|William Poole|Jack Guynn|Cathy E. Minehan|Thomas M. Hoenig
1998-08-18,Alan Greenspan,6,9,0.53,7,2,Alan Greenspan|Roger W. Ferguson Jr.|Edward M. Gramlich|Laurence H. Meyer|Edward W. Kelley Jr.|Alice M. Rivlin,William J. McDonough|Gary H. Stern|Michael H. Moskow|J. Alfred Broaddus Jr.|Robert D. McTeer Jr.|William Poole|Jack Guynn|Cathy E. Minehan|Thomas M. Hoenig
1998-09-29,Alan Greenspan,6,9,0.53,7,2,Alan Greenspan|Roger W. Ferguson Jr.|Edward M. Gramlich|Laurence H. Meyer|Edward W. Kelley Jr.|Alice M. Rivlin,William J. McDonough|Gary H. Stern|Michael H. Moskow|J. Alfred Broaddus Jr.|Robert D. McTeer Jr.|William Poole|Jack Guynn|Cathy E. Minehan|Thomas M. Hoenig
1998-10-15,Alan Greenspan,6,9,0.53,7,2,Alan Greenspan|Roger W. Ferguson Jr.|Edward M. Gramlich|Laurence H. Meyer|Edward W. Kelley Jr.|Alice M. Rivlin,William J. McDonough|Gary H. Stern|Michael H. Moskow|J. Alfred Broaddus Jr.|Robert D. McTeer Jr.|William Poole|Jack Guynn|Cathy E. Minehan|Thomas M. Hoenig
1998-11-17,Alan Greenspan,6,9,0.53,7,2,Alan Greenspan|Roger W. Ferguson Jr.|Edward M. Gramlich|Laurence H. Meyer|Edward W. Kelley Jr.|Alice M. Rivlin,William J. McDonough|Gary H. Stern|Michael H. Moskow|J. Alfred Broaddus Jr.|Robert D. McTeer Jr.|William Poole|Jack Guynn|Cathy E. Minehan|Thomas M. Hoenig
1998-12-22,Alan Greenspan,6,9,0.53,7,2,Alan Greenspan|Roger W. Ferguson Jr.|Edward M. Gramlich|Laurence H. Meyer|Edward W. Kelley Jr.|Alice M. Rivlin,William J. McDonough|Gary H. Stern|Michael H. Moskow|J. Alfred Broaddus Jr.|Robert D. McTeer Jr.|William Poole|Jack Guynn|Cathy E. Minehan|Thomas M. Hoenig
1999-02-03,Alan Greenspan,6,9,0.53,7,2,Alan Greenspan|Roger W. Ferguson Jr.|Edward M. Gramlich|Laurence H. Meyer|Edward W. Kelley Jr.|Alice M. Rivlin,William J. McDonough|Gary H. Stern|Michael H. Moskow|J. Alfred Broaddus Jr.|Robert D. McTeer Jr.|William Poole|Jack Guynn|Cathy E. Minehan|Thomas M. Hoenig
1999-03-30,Alan Greenspan,6,9,0.53,7,2,Alan Greenspan|Roger W. Ferguson Jr.|Edward M. Gramlich|Laurence H. Meyer|Edward W. Kelley Jr.|Alice M. Rivlin,William J. McDonough|Gary H. Stern|Michael H. Moskow|J. Alfred Broaddus Jr.|Robert D. McTeer Jr.|William Poole|Jack Guynn|Cathy E. Minehan|Thomas M. Hoenig
1999-05-18,Alan Greenspan,6,9,0.53,7,2,Alan Greenspan|Roger W. Ferguson Jr.|Edward M. Gramlich|Laurence H. Meyer|Edward W. Kelley Jr.|Alice M. Rivlin,William J. McDonough|Gary H. Stern|Michael H. Moskow|J. Alfred Broaddus Jr.|Robert D. McTeer Jr.|William Poole|Jack Guynn|Cathy E. Minehan|Thomas M. Hoenig
1999-06-30,Alan Greenspan,6,9,0.53,7,2,Alan Greenspan|Roger W. Ferguson Jr.|Edward M. Gramlich|Laurence H. Meyer|Edward W. Kelley Jr.|Alice M. Rivlin,William J. McDonough|Gary H. Stern|Michael H. Moskow|J. Alfred Broaddus Jr.|Robert D. McTeer Jr.|William Poole|Jack Guynn|Cathy E. Minehan|Thomas M. Hoenig
1999-08-24,Alan Greenspan,5,9,0.57,7,2,Alan Greenspan|Roger W. Ferguson Jr.|Edward M. Gramlich|Laurence H. Meyer|Edward W. Kelley Jr.,William J. McDonough|Gary H. Stern|Michael H. Moskow|J. Alfred Broaddus Jr.|Robert D. McTeer Jr.|William Poole|Jack Guynn|Cathy E. Minehan|Thomas M. Hoenig
1999-10-05,Alan Greenspan,5,9,0.57,7,2,Alan Greenspan|Roger W. Ferguson Jr.|Edward M. Gramlich|Laurence H. Meyer|Edward W. Kelley Jr.,William J. McDonough|Gary H. Stern|Michael H. Moskow|J. Alfred Broaddus Jr.|Robert D. McTeer Jr.|William Poole|Jack Guynn|Cathy E. Minehan|Thomas M. Hoenig
1999-11-16,Alan Greenspan,5,9,0.57,7,2,Alan Greenspan|Roger W. Ferguson Jr.|Edward M. Gramlich|Laurence H. Meyer|Edward W. Kelley Jr.,William J. McDonough|Gary H. Stern|Michael H. Moskow|J. Alfred Broaddus Jr.|Robert D. McTeer Jr.|William Poole|Jack Guynn|Cathy E. Minehan|Thomas M. Hoenig
1999-12-21,Alan Greenspan,5,9,0.57,7,2,Alan Greenspan|Roger W. Ferguson Jr.|Edward M. Gramlich|Laurence H. Meyer|Edward W. Kelley Jr.,William J. McDonough|Gary H. Stern|Michael H. Moskow|J. Alfred Broaddus Jr.|Robert D. McTeer Jr.|William Poole|Jack Guynn|Cathy E. Minehan|Thomas M. Hoenig
2000-02-02,Alan Greenspan,5,9,0.57,7,2,Alan Greenspan|Roger W. Ferguson Jr.|Edward M. Gramlich|Laurence H. Meyer|Edward W. Kelley Jr.,William J. McDonough|Gary H. Stern|Michael H. Moskow|J. Alfred Broaddus Jr.|Robert D. McTeer Jr.|William Poole|Jack Guynn|Cathy E. Minehan|Thomas M. Hoenig
2000-03-21,Alan Greenspan,5,9,0.57,7,2,Alan Greenspan|Roger W. Ferguson Jr.|Edward M. Gramlich|Laurence H. Meyer|Edward W. Kelley Jr.,William J. McDonough|Gary H. Stern|Michael H. Moskow|J. Alfred Broaddus Jr.|Robert D. McTeer Jr.|William Poole|Jack Guynn|Cathy E. Minehan|Thomas M. Hoenig
2000-05-16,Alan Greenspan,5,9,0.57,7,2,Alan Greenspan|Roger W. Ferguson Jr.|Edward M. Gramlich|Laurence H. Meyer|Edward W. Kelley Jr.,William J. McDonough|Gary H. Stern|Michael H. Moskow|J. Alfred Broaddus Jr.|Robert D. McTeer Jr.|William Poole|Jack Guynn|Cathy E. Minehan|Thomas M. Hoenig
2000-06-28,Alan Greenspan,5,9,0.57,7,2,Alan Greenspan|Roger W. Ferguson Jr.|Edward M. Gramlich|Laurence H. Meyer|Edward W. Kelley Jr.,William J. McDonough|Gary H. Stern|Michael H. Moskow|J. Alfred Broaddus Jr.|Robert D. McTeer Jr.|William Poole|Jack Guynn|Cathy E. Minehan|Thomas M. Hoenig
2000-08-22,Alan Greenspan,5,10,0.53,7,2,Alan Greenspan|Roger W. Ferguson Jr.|Edward M. Gramlich|Laurence H. Meyer|Edward W. Kelley Jr.,William J. McDonough|Gary H. Stern|Michael H. Moskow|Anthony M. Santomero|J. Alfred Broaddus Jr.|Robert D. McTeer Jr.|William Poole|Jack Guynn|Cathy E. Minehan|Thomas M. Hoenig
2000-10-03,Alan Greenspan,5,10,0.53,7,2,Alan Greenspan|Roger W. Ferguson Jr.|Edward M. Gramlich|Laurence H. Meyer|Edward W. Kelley Jr.,William J. McDonough|Gary H. Stern|Michael H. Moskow|Anthony M. Santomero|J. Alfred Broaddus Jr.|Robert D. McTeer Jr.|William Poole|Jack Guynn|Cathy E. Minehan|Thomas M. Hoenig
2000-11-15,Alan Greenspan,5,10,0.53,7,2,Alan Greenspan|Roger W. Ferguson Jr.|Edward M. Gramlich|Laurence H. Meyer|Edward W. Kelley Jr.,William J. McDonough|Gary H. Stern|Michael H. Moskow|Anthony M. Santomero|J. Alfred Broaddus Jr.|Robert D. McTeer Jr.|William Poole|Jack Guynn|Cathy E. Minehan|Thomas M. Hoenig
2000-12-19,Alan Greenspan,5,10,0.53,7,2,Alan Greenspan|Roger W. Ferguson Jr.|Edward M. Gramlich|Laurence H. Meyer|Edward W. Kelley Jr.,William J. McDonough|Gary H. Stern|Michael H. Moskow|Anthony M. Santomero|J. Alfred Broaddus Jr.|Robert D. McTeer Jr.|William Poole|Jack Guynn|Cathy E. Minehan|Thomas M. Hoenig
2001-01-03,Alan Greenspan,5,10,0.53,7,2,Alan Greenspan|Roger W. Ferguson Jr.|Edward M. Gramlich|Laurence H. Meyer|Edward W. Kelley Jr.,William J. McDonough|Gary H. Stern|Michael H. Moskow|Anthony M. Santomero|J. Alfred Broaddus Jr.|Robert D. McTeer Jr.|William Poole|Jack Guynn|Cathy E. Minehan|Thomas M. Hoenig
2001-01-31,Alan Greenspan,5,10,0.53,7,2,Alan Greenspan|Roger W. Ferguson Jr.|Edward M. Gramlich|Laurence H. Meyer|Edward W. Kelley Jr.,William J. McDonough|Gary H. Stern|Michael H. Moskow|Anthony M. Santomero|J. Alfred Broaddus Jr.|Robert D. McTeer Jr.|William Poole|Jack Guynn|Cathy E. Minehan|Thomas M. Hoenig
2001-03-20,Alan Greenspan,5,10,0.53,7,2,Alan Greenspan|Roger W. Ferguson Jr.|Edward M. Gramlich|Laurence H. Meyer|Edward W. Kelley Jr.,William J. McDonough|Gary H. Stern|Michael H. Moskow|Anthony M. Santomero|J. Alfred Broaddus Jr.|Robert D. McTeer Jr.|William Poole|Jack Guynn|Cathy E. Minehan|Thomas M. Hoenig
2001-04-18,Alan Greenspan,5,10,0.53,7,2,Alan Greenspan|Roger W. Ferguson Jr.|Edward M. Gramlich|Laurence H. Meyer|Edward W. Kelley Jr.,William J. McDonough|Gary H. Stern|Michael H. Moskow|Anthony M. Santomero|J. Alfred Broaddus Jr.|Robert D. McTeer Jr.|William Poole|Jack Guynn|Cathy E. Minehan|Thomas M. Hoenig
2001-05-15,Alan Greenspan,5,10,0.53,7,2,Alan Greenspan|Roger W. Ferguson Jr.|Edward M. Gramlich|Laurence H. Meyer|Edward W. Kelley Jr.,William J. McDonough|Gary H. Stern|Michael H. Moskow|Anthony M. Santomero|J. Alfred Broaddus Jr.|Robert D. McTeer Jr.|William Poole|Jack Guynn|Cathy E. Minehan|Thomas M. Hoenig
2001-06-27,Alan Greenspan,5,10,0.53,7,2,Alan Greenspan|Roger W. Ferguson Jr.|Edward M. Gramlich|Laurence H. Meyer|Edward W. Kelley Jr.,William J. McDonough|Gary H. Stern|Michael H. Moskow|Anthony M. Santomero|J. Alfred Broaddus Jr.|Robert D. McTeer Jr.|William Poole|Jack Guynn|Cathy E. Minehan|Thomas M. Hoenig
2001-08-21,Alan Greenspan,5,10,0.53,7,2,Alan Greenspan|Roger W. Ferguson Jr.|Edward M. Gramlich|Laurence H. Meyer|Edward W. Kelley Jr.,William J. McDonough|Gary H. Stern|Michael H. Moskow|Anthony M. Santomero|J. Alfred Broaddus Jr.|Robert D. McTeer Jr.|William Poole|Jack Guynn|Cathy E. Minehan|Thomas M. Hoenig
2001-09-17,Alan Greenspan,5,10,0.53,7,2,Alan Greenspan|Roger W. Ferguson Jr.|Edward M. Gramlich|Laurence H. Meyer|Edward W. Kelley Jr.,William J. McDonough|Gary H. Stern|Michael H. Moskow|Anthony M. Santomero|J. Alfred Broaddus Jr.|Robert D. McTeer Jr.|William Poole|Jack Guynn|Cathy E. Minehan|Thomas M. Hoenig
2001-10-02,Alan Greenspan,5,10,0.53,7,2,Alan Greenspan|Roger W. Ferguson Jr.|Edward M. Gramlich|Laurence H. Meyer|Edward W. Kelley Jr.,William J. McDonough|Gary H. Stern|Michael H. Moskow|Anthony M. Santomero|J. Alfred Broaddus Jr.|Robert D. McTeer Jr.|William Poole|Jack Guynn|Cathy E. Minehan|Thomas M. Hoenig
2001-11-06,Alan Greenspan,5,10,0.53,7,2,Alan Greenspan|Roger W. Ferguson Jr.|Edward M. Gramlich|Laurence H. Meyer|Edward W. Kelley Jr.,William J. McDonough|Gary H. Stern|Michael H. Moskow|Anthony M. Santomero|J. Alfred Broaddus Jr.|Robert D. McTeer Jr.|William Poole|Jack Guynn|Cathy E. Minehan|Thomas M. Hoenig
2001-12-11,Alan Greenspan,7,10,0.47,7,2,Alan Greenspan|Roger W. Ferguson Jr.|Mark W. Olson|Susan Schmidt Bies|Edward M. Gramlich|Laurence H. Meyer|Edward W. Kelley Jr.,William J. McDonough|Gary H. Stern|Michael H. Moskow|Anthony M. Santomero|J. Alfred Broaddus Jr.|Robert D. McTeer Jr.|William Poole|Jack Guynn|Cathy E. Minehan|Thomas M. Hoenig
2002-01-30,Alan Greenspan,6,10,0.5,7,2,Alan Greenspan|Roger W. Ferguson Jr.|Mark W. Olson|Susan Schmidt Bies|Edward M. Gramlich|Laurence H. Meyer,William J. McDonough|Gary H. Stern|Michael H. Moskow|Anthony M. Santomero|J. Alfred Broaddus Jr.|Robert D. McTeer Jr.|William Poole|Jack Guynn|Cathy E. Minehan|Thomas M. Hoenig
2002-03-19,Alan Greenspan,5,10,0.47,6,2,Alan Greenspan|Roger W. Ferguson Jr.|Mark W. Olson|Susan Schmidt Bies|Edward M. Gramlich,William J. McDonough|Gary H. Stern|Michael H. Moskow|Anthony M. Santomero|J. Alfred Broaddus Jr.|Robert D. McTeer Jr.|William Poole|Jack Guynn|Cathy E. Minehan|Thomas M. Hoenig
2002-05-07,Alan Greenspan,5,10,0.47,6,2,Alan Greenspan|Roger W. Ferguson Jr.|Mark W. Olson|Susan Schmidt Bies|Edward M. Gramlich,William J. McDonough|Gary H. Stern|Michael H. Moskow|Anthony M. Santomero|J. Alfred Broaddus Jr.|Robert D. McTeer Jr.|William Poole|Jack Guynn|Cathy E. Minehan|Thomas M. Hoenig
2002-06-26,Alan Greenspan,5,10,0.47,6,2,Alan Greenspan|Roger W. Ferguson Jr.|Mark W. Olson|Susan Schmidt Bies|Edward M. Gramlich,William J. McDonough|Gary H. Stern|Michael H. Moskow|Anthony M. Santomero|J. Alfred Broaddus Jr.|Robert D. McTeer Jr.|William Poole|Jack Guynn|Cathy E. Minehan|Thomas M. Hoenig
2002-08-13,Alan Greenspan,7,10,0.35,6,3,Ben S. Bernanke|Donald L. Kohn|Alan Greenspan|Roger W. Ferguson Jr.|Mark W. Olson|Susan Schmidt Bies|Edward M. Gramlich,William J. McDonough|Gary H. Stern|Michael H. Moskow|Anthony M. Santomero|J. Alfred Broaddus Jr.|Robert D. McTeer Jr.|William Poole|Jack Guynn|Cathy E. Minehan|Thomas M. Hoenig
2002-09-24,Alan Greenspan,7,10,0.35,6,3,Ben S. Bernanke|Donald L. Kohn|Alan Greenspan|Roger W. Ferguson Jr.|Mark W. Olson|Susan Schmidt Bies|Edward M. Gramlich,William J. McDonough|Gary H. Stern|Michael H. Moskow|Anthony M. Santomero|J. Alfred Broaddus Jr.|Robert D. McTeer Jr.|William Poole|Jack Guynn|Cathy E. Minehan|Thomas M. Hoenig
2002-11-06,Alan Greenspan,7,10,0.35,6,3,Ben S. Bernanke|Donald L. Kohn|Alan Greenspan|Roger W. Ferguson Jr.|Mark W. Olson|Susan Schmidt Bies|Edward M. Gramlich,William J. McDonough|Gary H. Stern|Michael H. Moskow|Anthony M. Santomero|J. Alfred Broaddus Jr.|Robert D. McTeer Jr.|William Poole|Jack Guynn|Cathy E. Minehan|Thomas M. Hoenig
2002-12-10,Alan Greenspan,7,10,0.35,6,3,Ben S. Bernanke|Donald L. Kohn|Alan Greenspan|Roger W. Ferguson Jr.|Mark W. Olson|Susan Schmidt Bies|Edward M. Gramlich,William J. McDonough|Gary H. Stern|Michael H. Moskow|Anthony M. Santomero|J. Alfred Broaddus Jr.|Robert D. McTeer Jr.|William Poole|Jack Guynn|Cathy E. Minehan|Thomas M. Hoenig
2003-01-29,Alan Greenspan,7,10,0.35,6,3,Ben S. Bernanke|Donald L. Kohn|Alan Greenspan|Roger W. Ferguson Jr.|Mark W. Olson|Susan Schmidt Bies|Edward M. Gramlich,William J. McDonough|Gary H. Stern|Michael H. Moskow|Anthony M. Santomero|J. Alfred Broaddus Jr.|Robert D. McTeer Jr.|William Poole|Jack Guynn|Cathy E. Minehan|Thomas M. Hoenig
2003-03-18,Alan Greenspan,7,11,0.33,6,3,Ben S. Bernanke|Donald L. Kohn|Alan Greenspan|Roger W. Ferguson Jr.|Mark W. Olson|Susan Schmidt Bies|Edward M. Gramlich,William J. McDonough|Sandra Pianalto|Gary H. Stern|Michael H. Moskow|Anthony M. Santomero|J. Alfred Broaddus Jr.|Robert D. McTeer Jr.|William Poole|Jack Guynn|Cathy E. Minehan|Thomas M. Hoenig
2003-05-06,Alan Greenspan,7,11,0.33,6,3,Ben S. Bernanke|Donald L. Kohn|Alan Greenspan|Roger W. Ferguson Jr.|Mark W. Olson|Susan Schmidt Bies|Edward M. Gramlich,William J. McDonough|Sandra Pianalto|Gary H. Stern|Michael H. Moskow|Anthony M. Santomero|J. Alfred Broaddus Jr.|Robert D. McTeer Jr.|William Poole|Jack Guynn|Cathy E. Minehan|Thomas M. Hoenig
2003-06-25,Alan Greenspan,7,11,0.33,6,3,Ben S. Bernanke|Donald L. Kohn|Alan Greenspan|Roger W. Ferguson Jr.|Mark W. Olson|Susan Schmidt Bies|Edward M. Gramlich,William J. McDonough|Sandra Pianalto|Gary H. Stern|Michael H. Moskow|Anthony M. Santomero|J. Alfred Broaddus Jr.|Robert D. McTeer Jr.|William Poole|Jack Guynn|Cathy E. Minehan|Thomas M. Hoenig
2003-08-12,Alan Greenspan,7,10,0.35,6,3,Ben S. Bernanke|Donald L. Kohn|Alan Greenspan|Roger W. Ferguson Jr.|Mark W. Olson|Susan Schmidt Bies|Edward M. Gramlich,Sandra Pianalto|Gary H. Stern|Michael H. Moskow|Anthony M. Santomero|J. Alfred Broaddus Jr.|Robert D. McTeer Jr.|William Poole|Jack Guynn|Cathy E. Minehan|Thomas M. Hoenig
2003-09-16,Alan Greenspan,7,10,0.35,6,3,Ben S. Bernanke|Donald L. Kohn|Alan Greenspan|Roger W. Ferguson Jr.|Mark W. Olson|Susan Schmidt Bies|Edward M. Gramlich,Sandra Pianalto|Gary H. Stern|Michael H. Moskow|Anthony M. Santomero|J. Alfred Broaddus Jr.|Robert D. McTeer Jr.|William Poole|Jack Guynn|Cathy E. Minehan|Thomas M. Hoenig
2003-10-28,Alan Greenspan,7,10,0.35,6,3,Ben S. Bernanke|Donald L. Kohn|Alan Greenspan|Roger W. Ferguson Jr.|Mark W. Olson|Susan Schmidt Bies|Edward M. Gramlich,Sandra Pianalto|Gary H. Stern|Michael H. Moskow|Anthony M. Santomero|J. Alfred Broaddus Jr.|Robert D. McTeer Jr.|William Poole|Jack Guynn|Cathy E. Minehan|Thomas M. Hoenig
2003-12-09,Alan Greenspan,7,11,0.33,6,3,Ben S. Bernanke|Donald L. Kohn|Alan Greenspan|Roger W. Ferguson Jr.|Mark W. Olson|Susan Schmidt Bies|Edward M. Gramlich,Timothy F. Geithner|Sandra Pianalto|Gary H. Stern|Michael H. Moskow|Anthony M. Santomero|J. Alfred Broaddus Jr.|Robert D. McTeer Jr.|William Poole|Jack Guynn|Cathy E. Minehan|Thomas M. Hoenig
2004-01-28,Alan Greenspan,7,11,0.33,6,3,Ben S. Bernanke|Donald L. Kohn|Alan Greenspan|Roger W. Ferguson Jr.|Mark W. Olson|Susan Schmidt Bies|Edward M. Gramlich,Timothy F. Geithner|Sandra Pianalto|Gary H. Stern|Michael H. Moskow|Anthony M. Santomero|J. Alfred Broaddus Jr.|Robert D. McTeer Jr.|William Poole|Jack Guynn|Cathy E. Minehan|Thomas M. Hoenig
2004-03-16,Alan Greenspan,7,11,0.33,6,3,Ben S. Bernanke|Donald L. Kohn|Alan Greenspan|Roger W. Ferguson Jr.|Mark W. Olson|Susan Schmidt Bies|Edward M. Gramlich,Timothy F. Geithner|Sandra Pianalto|Gary H. Stern|Michael H. Moskow|Anthony M. Santomero|J. Alfred Broaddus Jr.|Robert D. McTeer Jr.|William Poole|Jack Guynn|Cathy E. Minehan|Thomas M. Hoenig
2004-05-04,Alan Greenspan,7,11,0.33,6,3,Ben S. Bernanke|Donald L. Kohn|Alan Greenspan|Roger W. Ferguson Jr.|Mark W. Olson|Susan Schmidt Bies|Edward M. Gramlich,Timothy F. Geithner|Sandra Pianalto|Gary H. Stern|Michael H. Moskow|Anthony M. Santomero|J. Alfred Broaddus Jr.|Robert D. McTeer Jr.|William Poole|Jack Guynn|Cathy E. Minehan|Thomas M. Hoenig
2004-06-30,Alan Greenspan,7,12,0.26,6,4,Ben S. Bernanke|Donald L. Kohn|Alan Greenspan|Roger W. Ferguson Jr.|Mark W. Olson|Susan Schmidt Bies|Edward M. Gramlich,Timothy F. Geithner|Sandra Pianalto|Janet L. Yellen|Gary H. Stern|Michael H. Moskow|Anthony M. Santomero|J. Alfred Broaddus Jr.|Robert D. McTeer Jr.|William Poole|Jack Guynn|Cathy E. Minehan|Thomas M. Hoenig
2004-08-10,Alan Greenspan,7,12,0.16,5,4,Ben S. Bernanke|Donald L. Kohn|Alan Greenspan|Roger W. Ferguson Jr.|Mark W. Olson|Susan Schmidt Bies|Edward M. Gramlich,Timothy F. Geithner|Jeffrey M. Lacker|Sandra Pianalto|Janet L. Yellen|Gary H. Stern|Michael H. Moskow|Anthony M. Santomero|Robert D. McTeer Jr.|William Poole|Jack Guynn|Cathy E. Minehan|Thomas M. Hoenig
2004-09-21,Alan Greenspan,7,12,0.16,5,4,Ben S. Bernanke|Donald L. Kohn|Alan Greenspan|Roger W. Ferguson Jr.|Mark W. Olson|Susan Schmidt Bies|Edward M. Gramlich,Timothy F. Geithner|Jeffrey M. Lacker|Sandra Pianalto|Janet L. Yellen|Gary H. Stern|Michael H. Moskow|Anthony M. Santomero|Robert D. McTeer Jr.|William Poole|Jack Guynn|Cathy E. Minehan|Thomas M. Hoenig
2004-11-10,Alan Greenspan,7,11,0.22,5,3,Ben S. Bernanke|Donald L. Kohn|Alan Greenspan|Roger W. Ferguson Jr.|Mark W. Olson|Susan Schmidt Bies|Edward M. Gramlich,Timothy F. Geithner|Jeffrey M. Lacker|Sandra Pianalto|Janet L. Yellen|Gary H. Stern|Michael H. Moskow|Anthony M. Santomero|William Poole|Jack Guynn|Cathy E. Minehan|Thomas M. Hoenig
2004-12-14,Alan Greenspan,7,11,0.22,5,3,Ben S. Bernanke|Donald L. Kohn|Alan Greenspan|Roger W. Ferguson Jr.|Mark W. Olson|Susan Schmidt Bies|Edward M. Gramlich,Timothy F. Geithner|Jeffrey M. Lacker|Sandra Pianalto|Janet L. Yellen|Gary H. Stern|Michael H. Moskow|Anthony M. Santomero|William Poole|Jack Guynn|Cathy E. Minehan|Thomas M. Hoenig
2005-02-02,Alan Greenspan,7,11,0.22,5,3,Ben S. Bernanke|Donald L. Kohn|Alan Greenspan|Roger W. Ferguson Jr.|Mark W. Olson|Susan Schmidt Bies|Edward M. Gramlich,Timothy F. Geithner|Jeffrey M. Lacker|Sandra Pianalto|Janet L. Yellen|Gary H. Stern|Michael H. Moskow|Anthony M. Santomero|William Poole|Jack Guynn|Cathy E. Minehan|Thomas M. Hoenig
2005-03-22,Alan Greenspan,7,11,0.22,5,3,Ben S. Bernanke|Donald L. Kohn|Alan Greenspan|Roger W. Ferguson Jr.|Mark W. Olson|Susan Schmidt Bies|Edward M. Gramlich,Timothy F. Geithner|Jeffrey M. Lacker|Sandra Pianalto|Janet L. Yellen|Gary H. Stern|Michael H. Moskow|Anthony M. Santomero|William Poole|Jack Guynn|Cathy E. Minehan|Thomas M. Hoenig
2005-05-03,Alan Greenspan,7,12,0.32,6,3,Ben S. Bernanke|Donald L. Kohn|Alan Greenspan|Roger W. Ferguson Jr.|Mark W. Olson|Susan Schmidt Bies|Edward M. Gramlich,Timothy F. Geithner|Jeffrey M. Lacker|Sandra Pianalto|Richard W. Fisher|Janet L. Yellen|Gary H. Stern|Michael H. Moskow|Anthony M. Santomero|William Poole|Jack Guynn|Cathy E. Minehan|Thomas M. Hoenig
2005-06-30,Alan Greenspan,6,12,0.39,6,2,Donald L. Kohn|Alan Greenspan|Roger W. Ferguson Jr.|Mark W. Olson|Susan Schmidt Bies|Edward M. Gramlich,Timothy F. Geithner|Jeffrey M. Lacker|Sandra Pianalto|Richard W. Fisher|Janet L. Yellen|Gary H. Stern|Michael H. Moskow|Anthony M. Santomero|William Poole|Jack Guynn|Cathy E. Minehan|Thomas M. Hoenig
2005-08-09,Alan Greenspan,6,12,0.39,6,2,Donald L. Kohn|Alan Greenspan|Roger W. Ferguson Jr.|Mark W. Olson|Susan Schmidt Bies|Edward M. Gramlich,Timothy F. Geithner|Jeffrey M. Lacker|Sandra Pianalto|Richard W. Fisher|Janet L. Yellen|Gary H. Stern|Michael H. Moskow|Anthony M. Santomero|William Poole|Jack Guynn|Cathy E. Minehan|Thomas M. Hoenig
2005-09-20,Alan Greenspan,5,12,0.47,6,1,Donald L. Kohn|Alan Greenspan|Roger W. Ferguson Jr.|Mark W. Olson|Susan Schmidt Bies,Timothy F. Geithner|Jeffrey M. Lacker|Sandra Pianalto|Richard W. Fisher|Janet L. Yellen|Gary H. Stern|Michael H. Moskow|Anthony M. Santomero|William Poole|Jack Guynn|Cathy E. Minehan|Thomas M. Hoenig
2005-11-01,Alan Greenspan,5,12,0.47,6,1,Donald L. Kohn|Alan Greenspan|Roger W. Ferguson Jr.|Mark W. Olson|Susan Schmidt Bies,Timothy F. Geithner|Jeffrey M. Lacker|Sandra Pianalto|Richard W. Fisher|Janet L. Yellen|Gary H. Stern|Michael H. Moskow|Anthony M. Santomero|William Poole|Jack Guynn|Cathy E. Minehan|Thomas M. Hoenig
2005-12-13,Alan Greenspan,5,12,0.47,6,1,Donald L. Kohn|Alan Greenspan|Roger W. Ferguson Jr.|Mark W. Olson|Susan Schmidt Bies,Timothy F. Geithner|Jeffrey M. Lacker|Sandra Pianalto|Richard W. Fisher|Janet L. Yellen|Gary H. Stern|Michael H. Moskow|Anthony M. Santomero|William Poole|Jack Guynn|Cathy E. Minehan|Thomas M. Hoenig
2006-01-31,Alan Greenspan,5,12,0.47,6,1,Donald L. Kohn|Alan Greenspan|Roger W. Ferguson Jr.|Mark W. Olson|Susan Schmidt Bies,Timothy F. Geithner|Jeffrey M. Lacker|Sandra Pianalto|Richard W. Fisher|Janet L. Yellen|Gary H. Stern|Michael H. Moskow|Anthony M. Santomero|William Poole|Jack Guynn|Cathy E. Minehan|Thomas M. Hoenig
2006-03-28,Ben S. Bernanke,7,12,0.47,8,2,Ben S. Bernanke|Donald L. Kohn|Kevin M. Warsh|Randall S. Kroszner|Roger W. Ferguson Jr.|Mark W. Olson|Susan Schmidt Bies,Timothy F. Geithner|Jeffrey M. Lacker|Sandra Pianalto|Richard W. Fisher|Janet L. Yellen|Gary H. Stern|Michael H. Moskow|Anthony M. Santomero|William Poole|Jack Guynn|Cathy E. Minehan|Thomas M. Hoenig
2006-05-10,Ben S. Bernanke,6,11,0.53,8,2,Ben S. Bernanke|Donald L. Kohn|Kevin M. Warsh|Randall S. Kroszner|Mark W. Olson|Susan Schmidt Bies,Timothy F. Geithner|Jeffrey M. Lacker|Sandra Pianalto|Richard W. Fisher|Janet L. Yellen|Gary H. Stern|Michael H. Moskow|William Poole|Jack Guynn|Cathy E. Minehan|Thomas M. Hoenig
2006-06-29,Ben S. Bernanke,6,11,0.53,8,2,Ben S. Bernanke|Donald L. Kohn|Kevin M. Warsh|Randall S. Kroszner|Mark W. Olson|Susan Schmidt Bies,Timothy F. Geithner|Jeffrey M. Lacker|Sandra Pianalto|Richard W. Fisher|Janet L. Yellen|Gary H. Stern|Michael H. Moskow|William Poole|Jack Guynn|Cathy E. Minehan|Thomas M. Hoenig
2006-08-08,Ben S. Bernanke,5,12,0.65,9,2,Ben S. Bernanke|Donald L. Kohn|Kevin M. Warsh|Randall S. Kroszner|Susan Schmidt Bies,Timothy F. Geithner|Jeffrey M. Lacker|Sandra Pianalto|Richard W. Fisher|Charles I. Plosser|Janet L. Yellen|Gary H. Stern|Michael H. Moskow|William Poole|Jack Guynn|Cathy E. Minehan|Thomas M. Hoenig
2006-09-20,Ben S. Bernanke,6,12,0.61,9,2,Ben S. Bernanke|Donald L. Kohn|Kevin M. Warsh|Frederic S. Mishkin|Randall S. Kroszner|Susan Schmidt Bies,Timothy F. Geithner|Jeffrey M. Lacker|Sandra Pianalto|Richard W. Fisher|Charles I. Plosser|Janet L. Yellen|Gary H. Stern|Michael H. Moskow|William Poole|Jack Guynn|Cathy E. Minehan|Thomas M. Hoenig
2006-10-25,Ben S. Bernanke,6,11,0.65,9,2,Ben S. Bernanke|Donald L. Kohn|Kevin M. Warsh|Frederic S. Mishkin|Randall S. Kroszner|Susan Schmidt Bies,Timothy F. Geithner|Jeffrey M. Lacker|Sandra Pianalto|Richard W. Fisher|Charles I. Plosser|Janet L. Yellen|Gary H. Stern|Michael H. Moskow|William Poole|Cathy E. Minehan|Thomas M. Hoenig
2006-12-12,Ben S. Bernanke,6,11,0.65,9,2,Ben S. Bernanke|Donald L. Kohn|Kevin M. Warsh|Frederic S. Mishkin|Randall S. Kroszner|Susan Schmidt Bies,Timothy F. Geithner|Jeffrey M. Lacker|Sandra Pianalto|Richard W. Fisher|Charles I. Plosser|Janet L. Yellen|Gary H. Stern|Michael H. Moskow|William Poole|Cathy E. Minehan|Thomas M. Hoenig
2007-01-31,Ben S. Bernanke,6,11,0.65,9,2,Ben S. Bernanke|Donald L. Kohn|Kevin M. Warsh|Frederic S. Mishkin|Randall S. Kroszner|Susan Schmidt Bies,Timothy F. Geithner|Jeffrey M. Lacker|Sandra Pianalto|Richard W. Fisher|Charles I. Plosser|Janet L. Yellen|Gary H. Stern|Michael H. Moskow|William Poole|Cathy E. Minehan|Thomas M. Hoenig
2007-03-21,Ben S. Bernanke,6,12,0.61,9,2,Ben S. Bernanke|Donald L. Kohn|Kevin M. Warsh|Frederic S. Mishkin|Randall S. Kroszner|Susan Schmidt Bies,Timothy F. Geithner|Jeffrey M. Lacker|Dennis P. Lockhart|Sandra Pianalto|Richard W. Fisher|Charles I. Plosser|Janet L. Yellen|Gary H. Stern|Michael H. Moskow|William Poole|Cathy E. Minehan|Thomas M. Hoenig
2007-05-09,Ben S. Bernanke,5,12,0.65,9,2,Ben S. Bernanke|Donald L. Kohn|Kevin M. Warsh|Frederic S. Mishkin|Randall S. Kroszner,Timothy F. Geithner|Jeffrey M. Lacker|Dennis P. Lockhart|Sandra Pianalto|Richard W. Fisher|Charles I. Plosser|Janet L. Yellen|Gary H. Stern|Michael H. Moskow|William Poole|Cathy E. Minehan|Thomas M. Hoenig
2007-06-28,Ben S. Bernanke,5,12,0.65,9,2,Ben S. Bernanke|Donald L. Kohn|Kevin M. Warsh|Frederic S. Mishkin|Randall S. Kroszner,Timothy F. Geithner|Jeffrey M. Lacker|Dennis P. Lockhart|Sandra Pianalto|Richard W. Fisher|Charles I. Plosser|Janet L. Yellen|Gary H. Stern|Michael H. Moskow|William Poole|Cathy E. Minehan|Thomas M. Hoenig
2007-08-07,Ben S. Bernanke,5,12,0.59,8,2,Ben S. Bernanke|Donald L. Kohn|Kevin M. Warsh|Frederic S. Mishkin|Randall S. Kroszner,Timothy F. Geithner|Eric S. Rosengren|Jeffrey M. Lacker|Dennis P. Lockhart|Sandra Pianalto|Richard W. Fisher|Charles I. Plosser|Janet L. Yellen|Gary H. Stern|Michael H. Moskow|William Poole|Thomas M. Hoenig
2007-08-17,Ben S. Bernanke,5,12,0.59,8,2,Ben S. Bernanke|Donald L. Kohn|Kevin M. Warsh|Frederic S. Mishkin|Randall S. Kroszner,Timothy F. Geithner|Eric S. Rosengren|Jeffrey M. Lacker|Dennis P. Lockhart|Sandra Pianalto|Richard W. Fisher|Charles I. Plosser|Janet L. Yellen|Gary H. Stern|Michael H. Moskow|William Poole|Thomas M. Hoenig
2007-09-18,Ben S. Bernanke,5,12,0.47,7,3,Ben S. Bernanke|Donald L. Kohn|Kevin M. Warsh|Frederic S. Mishkin|Randall S. Kroszner,Timothy F. Geithner|Charles L. Evans|Eric S. Rosengren|Jeffrey M. Lacker|Dennis P. Lockhart|Sandra Pianalto|Richard W. Fisher|Charles I. Plosser|Janet L. Yellen|Gary H. Stern|William Poole|Thomas M. Hoenig
2007-10-31,Ben S. Bernanke,5,12,0.47,7,3,Ben S. Bernanke|Donald L. Kohn|Kevin M. Warsh|Frederic S. Mishkin|Randall S. Kroszner,Timothy F. Geithner|Charles L. Evans|Eric S. Rosengren|Jeffrey M. Lacker|Dennis P. Lockhart|Sandra Pianalto|Richard W. Fisher|Charles I. Plosser|Janet L. Yellen|Gary H. Stern|William Poole|Thomas M. Hoenig
2007-12-11,Ben S. Bernanke,5,12,0.47,7,3,Ben S. Bernanke|Donald L. Kohn|Kevin M. Warsh|Frederic S. Mishkin|Randall S. Kroszner,Timothy F. Geithner|Charles L. Evans|Eric S. Rosengren|Jeffrey M. Lacker|Dennis P. Lockhart|Sandra Pianalto|Richard W. Fisher|Charles I. Plosser|Janet L. Yellen|Gary H. Stern|William Poole|Thomas M. Hoenig
2008-01-22,Ben S. Bernanke,5,12,0.47,7,3,Ben S. Bernanke|Donald L. Kohn|Kevin M. Warsh|Frederic S. Mishkin|Randall S. Kroszner,Timothy F. Geithner|Charles L. Evans|Eric S. Rosengren|Jeffrey M. Lacker|Dennis P. Lockhart|Sandra Pianalto|Richard W. Fisher|Charles I. Plosser|Janet L. Yellen|Gary H. Stern|William Poole|Thomas M. Hoenig
2008-01-30,Ben S. Bernanke,5,12,0.47,7,3,Ben S. Bernanke|Donald L. Kohn|Kevin M. Warsh|Frederic S. Mishkin|Randall S. Kroszner,Timothy F. Geithner|Charles L. Evans|Eric S. Rosengren|Jeffrey M. Lacker|Dennis P. Lockhart|Sandra Pianalto|Richard W. Fisher|Charles I. Plosser|Janet L. Yellen|Gary H. Stern|William Poole|Thomas M. Hoenig
2008-03-18,Ben S. Bernanke,5,12,0.47,7,3,Ben S. Bernanke|Donald L. Kohn|Kevin M. Warsh|Frederic S. Mishkin|Randall S. Kroszner,Timothy F. Geithner|Charles L. Evans|Eric S. Rosengren|Jeffrey M. Lacker|Dennis P. Lockhart|Sandra Pianalto|Richard W. Fisher|Charles I. Plosser|Janet L. Yellen|Gary H. Stern|William Poole|Thomas M. Hoenig
2008-04-30,Ben S. Bernanke,5,12,0.41,7,3,Ben S. Bernanke|Donald L. Kohn|Kevin M. Warsh|Frederic S. Mishkin|Randall S. Kroszner,Timothy F. Geithner|James Bullard|Charles L. Evans|Eric S. Rosengren|Jeffrey M. Lacker|Dennis P. Lockhart|Sandra Pianalto|Richard W. Fisher|Charles I. Plosser|Janet L. Yellen|Gary H. Stern|Thomas M. Hoenig
2008-06-25,Ben S. Bernanke,5,12,0.41,7,3,Ben S. Bernanke|Donald L. Kohn|Kevin M. Warsh|Frederic S. Mishkin|Randall S. Kroszner,Timothy F. Geithner|James Bullard|Charles L. Evans|Eric S. Rosengren|Jeffrey M. Lacker|Dennis P. Lockhart|Sandra Pianalto|Richard W. Fisher|Charles I. Plosser|Janet L. Yellen|Gary H. Stern|Thomas M. Hoenig
2008-08-05,Ben S. Bernanke,6,12,0.39,7,3,Ben S. Bernanke|Donald L. Kohn|Kevin M. Warsh|Frederic S. Mishkin|Randall S. Kroszner|Elizabeth A. Duke,Timothy F. Geithner|James Bullard|Charles L. Evans|Eric S. Rosengren|Jeffrey M. Lacker|Dennis P. Lockhart|Sandra Pianalto|Richard W. Fisher|Charles I. Plosser|Janet L. Yellen|Gary H. Stern|Thomas M. Hoenig
2008-09-16,Ben S. Bernanke,5,12,0.41,7,3,Ben S. Bernanke|Donald L. Kohn|Kevin M. Warsh|Randall S. Kroszner|Elizabeth A. Duke,Timothy F. Geithner|James Bullard|Charles L. Evans|Eric S. Rosengren|Jeffrey M. Lacker|Dennis P. Lockhart|Sandra Pianalto|Richard W. Fisher|Charles I. Plosser|Janet L. Yellen|Gary H. Stern|Thomas M. Hoenig
2008-10-08,Ben S. Bernanke,5,12,0.41,7,3,Ben S. Bernanke|Donald L. Kohn|Kevin M. Warsh|Randall S. Kroszner|Elizabeth A. Duke,Timothy F. Geithner|James Bullard|Charles L. Evans|Eric S. Rosengren|Jeffrey M. Lacker|Dennis P. Lockhart|Sandra Pianalto|Richard W. Fisher|Charles I. Plosser|Janet L. Yellen|Gary H. Stern|Thomas M. Hoenig
2008-10-29,Ben S. Bernanke,5,12,0.41,7,3,Ben S. Bernanke|Donald L. Kohn|Kevin M. Warsh|Randall S. Kroszner|Elizabeth A. Duke,Timothy F. Geithner|James Bullard|Charles L. Evans|Eric S. Rosengren|Jeffrey M. Lacker|Dennis P. Lockhart|Sandra Pianalto|Richard W. Fisher|Charles I. Plosser|Janet L. Yellen|Gary H. Stern|Thomas M. Hoenig
2008-12-16,Ben S. Bernanke,5,12,0.41,7,3,Ben S. Bernanke|Donald L. Kohn|Kevin M. Warsh|Randall S. Kroszner|Elizabeth A. Duke,Timothy F. Geithner|James Bullard|Charles L. Evans|Eric S. Rosengren|Jeffrey M. Lacker|Dennis P. Lockhart|Sandra Pianalto|Richard W. Fisher|Charles I. Plosser|Janet L. Yellen|Gary H. Stern|Thomas M. Hoenig
2009-01-28,Ben S. Bernanke,5,12,0.29,6,4,Daniel K. Tarullo|Ben S. Bernanke|Donald L. Kohn|Kevin M. Warsh|Elizabeth A. Duke,William C. Dudley|James Bullard|Charles L. Evans|Eric S. Rosengren|Jeffrey M. Lacker|Dennis P. Lockhart|Sandra Pianalto|Richard W. Fisher|Charles I. Plosser|Janet L. Yellen|Gary H. Stern|Thomas M. Hoenig
2009-03-18,Ben S. Bernanke,5,12,0.29,6,4,Daniel K. Tarullo|Ben S. Bernanke|Donald L. Kohn|Kevin M. Warsh|Elizabeth A. Duke,William C. Dudley|James Bullard|Charles L. Evans|Eric S. Rosengren|Jeffrey M. Lacker|Dennis P. Lockhart|Sandra Pianalto|Richard W. Fisher|Charles I. Plosser|Janet L. Yellen|Gary H. Stern|Thomas M. Hoenig
2009-04-29,Ben S. Bernanke,5,12,0.29,6,4,Daniel K. Tarullo|Ben S. Bernanke|Donald L. Kohn|Kevin M. Warsh|Elizabeth A. Duke,William C. Dudley|James Bullard|Charles L. Evans|Eric S. Rosengren|Jeffrey M. Lacker|Dennis P. Lockhart|Sandra Pianalto|Richard W. Fisher|Charles I. Plosser|Janet L. Yellen|Gary H. Stern|Thomas M. Hoenig
2009-06-24,Ben S. Bernanke,5,12,0.29,6,4,Daniel K. Tarullo|Ben S. Bernanke|Donald L. Kohn|Kevin M. Warsh|Elizabeth A. Duke,William C. Dudley|James Bullard|Charles L. Evans|Eric S. Rosengren|Jeffrey M. Lacker|Dennis P. Lockhart|Sandra Pianalto|Richard W. Fisher|Charles I. Plosser|Janet L. Yellen|Gary H. Stern|Thomas M. Hoenig
2009-08-12,Ben S. Bernanke,5,12,0.29,6,4,Daniel K. Tarullo|Ben S. Bernanke|Donald L. Kohn|Kevin M. Warsh|Elizabeth A. Duke,William C. Dudley|James Bullard|Charles L. Evans|Eric S. Rosengren|Jeffrey M. Lacker|Dennis P. Lockhart|Sandra Pianalto|Richard W. Fisher|Charles I. Plosser|Janet L. Yellen|Gary H. Stern|Thomas M. Hoenig
2009-09-23,Ben S. Bernanke,5,12,0.29,6,4,Daniel K. Tarullo|Ben S. Bernanke|Donald L. Kohn|Kevin M. Warsh|Elizabeth A. Duke,William C. Dudley|James Bullard|Charles L. Evans|Eric S. Rosengren|Jeffrey M. Lacker|Dennis P. Lockhart|Sandra Pianalto|Richard W. Fisher|Charles I. Plosser|Janet L. Yellen|Gary H. Stern|Thomas M. Hoenig
2009-11-04,Ben S. Bernanke,5,12,0.18,5,5,Daniel K. Tarullo|Ben S. Bernanke|Donald L. Kohn|Kevin M. Warsh|Elizabeth A. Duke,William C. Dudley|James Bullard|Charles L. Evans|Eric S. Rosengren|Jeffrey M. Lacker|Dennis P. Lockhart|Narayana Kocherlakota|Sandra Pianalto|Richard W. Fisher|Charles I. Plosser|Janet L. Yellen|Thomas M. Hoenig
2009-12-16,Ben S. Bernanke,5,12,0.18,5,5,Daniel K. Tarullo|Ben S. Bernanke|Donald L. Kohn|Kevin M. Warsh|Elizabeth A. Duke,William C. Dudley|James Bullard|Charles L. Evans|Eric S. Rosengren|Jeffrey M. Lacker|Dennis P. Lockhart|Narayana Kocherlakota|Sandra Pianalto|Richard W. Fisher|Charles I. Plosser|Janet L. Yellen|Thomas M. Hoenig
2010-01-27,Ben S. Bernanke,5,12,0.18,5,5,Daniel K. Tarullo|Ben S. Bernanke|Donald L. Kohn|Kevin M. Warsh|Elizabeth A. Duke,William C. Dudley|James Bullard|Charles L. Evans|Eric S. Rosengren|Jeffrey M. Lacker|Dennis P. Lockhart|Narayana Kocherlakota|Sandra Pianalto|Richard W. Fisher|Charles I. Plosser|Janet L. Yellen|Thomas M. Hoenig
2010-03-16,Ben S. Bernanke,5,12,0.18,5,5,Daniel K. Tarullo|Ben S. Bernanke|Donald L. Kohn|Kevin M. Warsh|Elizabeth A. Duke,William C. Dudley|James Bullard|Charles L. Evans|Eric S. Rosengren|Jeffrey M. Lacker|Dennis P. Lockhart|Narayana Kocherlakota|Sandra Pianalto|Richard W. Fisher|Charles I. Plosser|Janet L. Yellen|Thomas M. Hoenig
2010-04-28,Ben S. Bernanke,5,12,0.18,5,5,Daniel K. Tarullo|Ben S. Bernanke|Donald L. Kohn|Kevin M. Warsh|Elizabeth A. Duke,William C. Dudley|James Bullard|Charles L. Evans|Eric S. Rosengren|Jeffrey M. Lacker|Dennis P. Lockhart|Narayana Kocherlakota|Sandra Pianalto|Richard W. Fisher|Charles I. Plosser|Janet L. Yellen|Thomas M. Hoenig
2010-06-23,Ben S. Bernanke,5,12,0.18,5,5,Daniel K. Tarullo|Ben S. Bernanke|Donald L. Kohn|Kevin M. Warsh|Elizabeth A. Duke,William C. Dudley|James Bullard|Charles L. Evans|Eric S. Rosengren|Jeffrey M. Lacker|Dennis P. Lockhart|Narayana Kocherlakota|Sandra Pianalto|Richard W. Fisher|Charles I. Plosser|Janet L. Yellen|Thomas M. Hoenig
2010-08-10,Ben S. Bernanke,5,12,0.18,5,5,Daniel K. Tarullo|Ben S. Bernanke|Donald L. Kohn|Kevin M. Warsh|Elizabeth A. Duke,William C. Dudley|James Bullard|Charles L. Evans|Eric S. Rosengren|Jeffrey M. Lacker|Dennis P. Lockhart|Narayana Kocherlakota|Sandra Pianalto|Richard W. Fisher|Charles I. Plosser|Janet L. Yellen|Thomas M. Hoenig
2010-09-21,Ben S. Bernanke,4,12,0.19,5,5,Daniel K. Tarullo|Ben S. Bernanke|Kevin M. Warsh|Elizabeth A. Duke,William C. Dudley|James Bullard|Charles L. Evans|Eric S. Rosengren|Jeffrey M. Lacker|Dennis P. Lockhart|Narayana Kocherlakota|Sandra Pianalto|Richard W. Fisher|Charles I. Plosser|Janet L. Yellen|Thomas M. Hoenig
2010-11-03,Ben S. Bernanke,6,11,0.18,5,5,Janet L. Yellen|Daniel K. Tarullo|Sarah Bloom Raskin|Ben S. Bernanke|Kevin M. Warsh|Elizabeth A. Duke,William C. Dudley|James Bullard|Charles L. Evans|Eric S. Rosengren|Jeffrey M. Lacker|Dennis P. Lockhart|Narayana Kocherlakota|Sandra Pianalto|Richard W. Fisher|Charles I. Plosser|Thomas M. Hoenig
2010-12-14,Ben S. Bernanke,6,11,0.18,5,5,Janet L. Yellen|Daniel K. Tarullo|Sarah Bloom Raskin|Ben S. Bernanke|Kevin M. Warsh|Elizabeth A. Duke,William C. Dudley|James Bullard|Charles L. Evans|Eric S. Rosengren|Jeffrey M. Lacker|Dennis P. Lockhart|Narayana Kocherlakota|Sandra Pianalto|Richard W. Fisher|Charles I. Plosser|Thomas M. Hoenig
2011-01-26,Ben S. Bernanke,6,11,0.18,5,5,Janet L. Yellen|Daniel K. Tarullo|Sarah Bloom Raskin|Ben S. Bernanke|Kevin M. Warsh|Elizabeth A. Duke,William C. Dudley|James Bullard|Charles L. Evans|Eric S. Rosengren|Jeffrey M. Lacker|Dennis P. Lockhart|Narayana Kocherlakota|Sandra Pianalto|Richard W. Fisher|Charles I. Plosser|Thomas M. Hoenig
2011-03-15,Ben S. Bernanke,6,12,0.17,5,5,Janet L. Yellen|Daniel K. Tarullo|Sarah Bloom Raskin|Ben S. Bernanke|Kevin M. Warsh|Elizabeth A. Duke,William C. Dudley|James Bullard|Charles L. Evans|Eric S. Rosengren|John C. Williams|Jeffrey M. Lacker|Dennis P. Lockhart|Narayana Kocherlakota|Sandra Pianalto|Richard W. Fisher|Charles I. Plosser|Thomas M. Hoenig
2011-04-27,Ben S. Bernanke,5,12,0.12,4,5,Janet L. Yellen|Daniel K. Tarullo|Sarah Bloom Raskin|Ben S. Bernanke|Elizabeth A. Duke,William C. Dudley|James Bullard|Charles L. Evans|Eric S. Rosengren|John C. Williams|Jeffrey M. Lacker|Dennis P. Lockhart|Narayana Kocherlakota|Sandra Pianalto|Richard W. Fisher|Charles I. Plosser|Thomas M. Hoenig
2011-06-22,Ben S. Bernanke,5,12,0.12,4,5,Janet L. Yellen|Daniel K. Tarullo|Sarah Bloom Raskin|Ben S. Bernanke|Elizabeth A. Duke,William C. Dudley|James Bullard|Charles L. Evans|Eric S. Rosengren|John C. Williams|Jeffrey M. Lacker|Dennis P. Lockhart|Narayana Kocherlakota|Sandra Pianalto|Richard W. Fisher|Charles I. Plosser|Thomas M. Hoenig
2011-08-09,Ben S. Bernanke,5,12,0.12,4,5,Janet L. Yellen|Daniel K. Tarullo|Sarah Bloom Raskin|Ben S. Bernanke|Elizabeth A. Duke,William C. Dudley|James Bullard|Charles L. Evans|Eric S. Rosengren|John C. Williams|Jeffrey M. Lacker|Dennis P. Lockhart|Narayana Kocherlakota|Sandra Pianalto|Richard W. Fisher|Charles I. Plosser|Thomas M. Hoenig
2011-09-21,Ben S. Bernanke,5,12,0.12,4,5,Janet L. Yellen|Daniel K. Tarullo|Sarah Bloom Raskin|Ben S. Bernanke|Elizabeth A. Duke,William C. Dudley|James Bullard|Charles L. Evans|Eric S. Rosengren|John C. Williams|Jeffrey M. Lacker|Dennis P. Lockhart|Narayana Kocherlakota|Sandra Pianalto|Richard W. Fisher|Charles I. Plosser|Thomas M. Hoenig
2011-11-02,Ben S. Bernanke,5,12,0.12,4,5,Janet L. Yellen|Daniel K. Tarullo|Sarah Bloom Raskin|Ben S. Bernanke|Elizabeth A. Duke,William C. Dudley|James Bullard|Esther L. George|Charles L. Evans|Eric S. Rosengren|John C. Williams|Jeffrey M. Lacker|Dennis P. Lockhart|Narayana Kocherlakota|Sandra Pianalto|Richard W. Fisher|Charles I. Plosser
2011-12-13,Ben S. Bernanke,5,12,0.12,4,5,Janet L. Yellen|Daniel K. Tarullo|Sarah Bloom Raskin|Ben S. Bernanke|Elizabeth A. Duke,William C. Dudley|James Bullard|Esther L. George|Charles L. Evans|Eric S. Rosengren|John C. Williams|Jeffrey M. Lacker|Dennis P. Lockhart|Narayana Kocherlakota|Sandra Pianalto|Richard W. Fisher|Charles I. Plosser
2012-01-25,Ben S. Bernanke,5,12,0.12,4,5,Janet L. Yellen|Daniel K. Tarullo|Sarah Bloom Raskin|Ben S. Bernanke|Elizabeth A. Duke,William C. Dudley|James Bullard|Esther L. George|Charles L. Evans|Eric S. Rosengren|John C. Williams|Jeffrey M. Lacker|Dennis P. Lockhart|Narayana Kocherlakota|Sandra Pianalto|Richard W. Fisher|Charles I. Plosser
2012-03-13,Ben S. Bernanke,5,12,0.12,4,5,Janet L. Yellen|Daniel K. Tarullo|Sarah Bloom Raskin|Ben S. Bernanke|Elizabeth A. Duke,William C. Dudley|James Bullard|Esther L. George|Charles L. Evans|Eric S. Rosengren|John C. Williams|Jeffrey M. Lacker|Dennis P. Lockhart|Narayana Kocherlakota|Sandra Pianalto|Richard W. Fisher|Charles I. Plosser
2012-04-25,Ben S. Bernanke,5,12,0.12,4,5,Janet L. Yellen|Daniel K. Tarullo|Sarah Bloom Raskin|Ben S. Bernanke|Elizabeth A. Duke,William C. Dudley|James Bullard|Esther L. George|Charles L. Evans|Eric S. Rosengren|John C. Williams|Jeffrey M. Lacker|Dennis P. Lockhart|Narayana Kocherlakota|Sandra Pianalto|Richard W. Fisher|Charles I. Plosser
2012-06-20,Ben S. Bernanke,8,12,0.1,4,5,Jerome H. Powell|Janet L. Yellen|Daniel K. Tarullo|Sarah Bloom Raskin|Jerome H. Powell|Jeremy C. Stein|Ben S. Bernanke|Elizabeth A. Duke,William C. Dudley|James Bullard|Esther L. George|Charles L. Evans|Eric S. Rosengren|John C. Williams|Jeffrey M. Lacker|Dennis P. Lockhart|Narayana Kocherlakota|Sandra Pianalto|Richard W. Fisher|Charles I. Plosser
2012-08-01,Ben S. Bernanke,8,12,0.1,4,5,Jerome H. Powell|Janet L. Yellen|Daniel K. Tarullo|Sarah Bloom Raskin|Jerome H. Powell|Jeremy C. Stein|Ben S. Bernanke|Elizabeth A. Duke,William C. Dudley|James Bullard|Esther L. George|Charles L. Evans|Eric S. Rosengren|John C. Williams|Jeffrey M. Lacker|Dennis P. Lockhart|Narayana Kocherlakota|Sandra Pianalto|Richard W. Fisher|Charles I. Plosser
2012-09-13,Ben S. Bernanke,8,12,0.1,4,5,Jerome H. Powell|Janet L. Yellen|Daniel K. Tarullo|Sarah Bloom Raskin|Jerome H. Powell|Jeremy C. Stein|Ben S. Bernanke|Elizabeth A. Duke,William C. Dudley|James Bullard|Esther L. George|Charles L. Evans|Eric S. Rosengren|John C. Williams|Jeffrey M. Lacker|Dennis P. Lockhart|Narayana Kocherlakota|Sandra Pianalto|Richard W. Fisher|Charles I. Plosser
2012-10-24,Ben S. Bernanke,8,12,0.1,4,5,Jerome H. Powell|Janet L. Yellen|Daniel K. Tarullo|Sarah Bloom Raskin|Jerome H. Powell|Jeremy C. Stein|Ben S. Bernanke|Elizabeth A. Duke,William C. Dudley|James Bullard|Esther L. George|Charles L. Evans|Eric S. Rosengren|John C. Williams|Jeffrey M. Lacker|Dennis P. Lockhart|Narayana Kocherlakota|Sandra Pianalto|Richard W. Fisher|Charles I. Plosser
2012-12-12,Ben S. Bernanke,8,12,0.1,4,5,Jerome H. Powell|Janet L. Yellen|Daniel K. Tarullo|Sarah Bloom Raskin|Jerome H. Powell|Jeremy C. Stein|Ben S. Bernanke|Elizabeth A. Duke,William C. Dudley|James Bullard|Esther L. George|Charles L. Evans|Eric S. Rosengren|John C. Williams|Jeffrey M. Lacker|Dennis P. Lockhart|Narayana Kocherlakota|Sandra Pianalto|Richard W. Fisher|Charles I. Plosser
2013-01-30,Ben S. Bernanke,8,12,0.1,4,5,Jerome H. Powell|Janet L. Yellen|Daniel K. Tarullo|Sarah Bloom Raskin|Jerome H. Powell|Jeremy C. Stein|Ben S. Bernanke|Elizabeth A. Duke,William C. Dudley|James Bullard|Esther L. George|Charles L. Evans|Eric S. Rosengren|John C. Williams|Jeffrey M. Lacker|Dennis P. Lockhart|Narayana Kocherlakota|Sandra Pianalto|Richard W. Fisher|Charles I. Plosser
2013-03-20,Ben S. Bernanke,8,12,0.1,4,5,Jerome H. Powell|Janet L. Yellen|Daniel K. Tarullo|Sarah Bloom Raskin|Jerome H. Powell|Jeremy C. Stein|Ben S. Bernanke|Elizabeth A. Duke,William C. Dudley|James Bullard|Esther L. George|Charles L. Evans|Eric S. Rosengren|John C. Williams|Jeffrey M. Lacker|Dennis P. Lockhart|Narayana Kocherlakota|Sandra Pianalto|Richard W. Fisher|Charles I. Plosser
2013-05-01,Ben S. Bernanke,8,12,0.1,4,5,Jerome H. Powell|Janet L. Yellen|Daniel K. Tarullo|Sarah Bloom Raskin|Jerome H. Powell|Jeremy C. Stein|Ben S. Bernanke|Elizabeth A. Duke,William C. Dudley|James Bullard|Esther L. George|Charles L. Evans|Eric S. Rosengren|John C. Williams|Jeffrey M. Lacker|Dennis P. Lockhart|Narayana Kocherlakota|Sandra Pianalto|Richard W. Fisher|Charles I. Plosser
2013-06-19,Ben S. Bernanke,8,12,0.1,4,5,Jerome H. Powell|Janet L. Yellen|Daniel K. Tarullo|Sarah Bloom Raskin|Jerome H. Powell|Jeremy C. Stein|Ben S. Bernanke|Elizabeth A. Duke,William C. Dudley|James Bullard|Esther L. George|Charles L. Evans|Eric S. Rosengren|John C. Williams|Jeffrey M. Lacker|Dennis P. Lockhart|Narayana Kocherlakota|Sandra Pianalto|Richard W. Fisher|Charles I. Plosser
2013-07-31,Ben S. Bernanke,8,12,0.1,4,5,Jerome H. Powell|Janet L. Yellen|Daniel K. Tarullo|Sarah Bloom Raskin|Jerome H. Powell|Jeremy C. Stein|Ben S. Bernanke|Elizabeth A. Duke,William C. Dudley|James Bullard|Esther L. George|Charles L. Evans|Eric S. Rosengren|John C. Williams|Jeffrey M. Lacker|Dennis P. Lockhart|Narayana Kocherlakota|Sandra Pianalto|Richard W. Fisher|Charles I. Plosser
2013-09-18,Ben S. Bernanke,7,12,0.11,4,5,Jerome H. Powell|Janet L. Yellen|Daniel K. Tarullo|Sarah Bloom Raskin|Jerome H. Powell|Jeremy C. Stein|Ben S. Bernanke,William C. Dudley|James Bullard|Esther L. George|Charles L. Evans|Eric S. Rosengren|John C. Williams|Jeffrey M. Lacker|Dennis P. Lockhart|Narayana Kocherlakota|Sandra Pianalto|Richard W. Fisher|Charles I. Plosser
2013-10-30,Ben S. Bernanke,7,12,0.11,4,5,Jerome H. Powell|Janet L. Yellen|Daniel K. Tarullo|Sarah Bloom Raskin|Jerome H. Powell|Jeremy C. Stein|Ben S. Bernanke,William C. Dudley|James Bullard|Esther L. George|Charles L. Evans|Eric S. Rosengren|John C. Williams|Jeffrey M. Lacker|Dennis P. Lockhart|Narayana Kocherlakota|Sandra Pianalto|Richard W. Fisher|Charles I. Plosser
2013-12-18,Ben S. Bernanke,7,12,0.11,4,5,Jerome H. Powell|Janet L. Yellen|Daniel K. Tarullo|Sarah Bloom Raskin|Jerome H. Powell|Jeremy C. Stein|Ben S. Bernanke,William C. Dudley|James Bullard|Esther L. George|Charles L. Evans|Eric S. Rosengren|John C. Williams|Jeffrey M. Lacker|Dennis P. Lockhart|Narayana Kocherlakota|Sandra Pianalto|Richard W. Fisher|Charles I. Plosser
2014-01-29,Ben S. Bernanke,7,12,0.11,4,5,Jerome H. Powell|Janet L. Yellen|Daniel K. Tarullo|Sarah Bloom Raskin|Jerome H. Powell|Jeremy C. Stein|Ben S. Bernanke,William C. Dudley|James Bullard|Esther L. George|Charles L. Evans|Eric S. Rosengren|John C. Williams|Jeffrey M. Lacker|Dennis P. Lockhart|Narayana Kocherlakota|Sandra Pianalto|Richard W. Fisher|Charles I. Plosser
2014-03-19,Janet L. Yellen,5,12,0.18,4,4,Jerome H. Powell|Janet L. Yellen|Daniel K. Tarullo|Jerome H. Powell|Jeremy C. Stein,William C. Dudley|James Bullard|Esther L. George|Charles L. Evans|Eric S. Rosengren|John C. Williams|Jeffrey M. Lacker|Dennis P. Lockhart|Narayana Kocherlakota|Sandra Pianalto|Richard W. Fisher|Charles I. Plosser
2014-04-30,Janet L. Yellen,5,12,0.18,4,4,Jerome H. Powell|Janet L. Yellen|Daniel K. Tarullo|Jerome H. Powell|Jeremy C. Stein,William C. Dudley|James Bullard|Esther L. George|Charles L. Evans|Eric S. Rosengren|John C. Williams|Jeffrey M. Lacker|Dennis P. Lockhart|Narayana Kocherlakota|Sandra Pianalto|Richard W. Fisher|Charles I. Plosser
2014-06-18,Janet L. Yellen,6,12,0.17,5,5,Jerome H. Powell|Lael Brainard|Janet L. Yellen|Stanley Fischer|Daniel K. Tarullo|Jerome H. Powell,William C. Dudley|Loretta J. Mester|James Bullard|Esther L. George|Charles L. Evans|Eric S. Rosengren|John C. Williams|Jeffrey M. Lacker|Dennis P. Lockhart|Narayana Kocherlakota|Richard W. Fisher|Charles I. Plosser
2014-07-30,Janet L. Yellen,6,12,0.17,5,5,Jerome H. Powell|Lael Brainard|Janet L. Yellen|Stanley Fischer|Daniel K. Tarullo|Jerome H. Powell,William C. Dudley|Loretta J. Mester|James Bullard|Esther L. George|Charles L. Evans|Eric S. Rosengren|John C. Williams|Jeffrey M. Lacker|Dennis P. Lockhart|Narayana Kocherlakota|Richard W. Fisher|Charles I. Plosser
2014-09-17,Janet L. Yellen,6,12,0.17,5,5,Jerome H. Powell|Lael Brainard|Janet L. Yellen|Stanley Fischer|Daniel K. Tarullo|Jerome H. Powell,William C. Dudley|Loretta J. Mester|James Bullard|Esther L. George|Charles L. Evans|Eric S. Rosengren|John C. Williams|Jeffrey M. Lacker|Dennis P. Lockhart|Narayana Kocherlakota|Richard W. Fisher|Charles I. Plosser
2014-10-29,Janet L. Yellen,6,12,0.17,5,5,Jerome H. Powell|Lael Brainard|Janet L. Yellen|Stanley Fischer|Daniel K. Tarullo|Jerome H. Powell,William C. Dudley|Loretta J. Mester|James Bullard|Esther L. George|Charles L. Evans|Eric S. Rosengren|John C. Williams|Jeffrey M. Lacker|Dennis P. Lockhart|Narayana Kocherlakota|Richard W. Fisher|Charles I. Plosser
2014-12-17,Janet L. Yellen,6,12,0.17,5,5,Jerome H. Powell|Lael Brainard|Janet L. Yellen|Stanley Fischer|Daniel K. Tarullo|Jerome H. Powell,William C. Dudley|Loretta J. Mester|James Bullard|Esther L. George|Charles L. Evans|Eric S. Rosengren|John C. Williams|Jeffrey M. Lacker|Dennis P. Lockhart|Narayana Kocherlakota|Richard W. Fisher|Charles I. Plosser
2015-01-28,Janet L. Yellen,6,12,0.17,5,5,Jerome H. Powell|Lael Brainard|Janet L. Yellen|Stanley Fischer|Daniel K. Tarullo|Jerome H. Powell,William C. Dudley|Loretta J. Mester|James Bullard|Esther L. George|Charles L. Evans|Eric S. Rosengren|John C. Williams|Jeffrey M. Lacker|Dennis P. Lockhart|Narayana Kocherlakota|Richard W. Fisher|Charles I. Plosser
2015-03-18,Janet L. Yellen,6,11,0.06,4,5,Jerome H. Powell|Lael Brainard|Janet L. Yellen|Stanley Fischer|Daniel K. Tarullo|Jerome H. Powell,William C. Dudley|Loretta J. Mester|James Bullard|Esther L. George|Charles L. Evans|Eric S. Rosengren|John C. Williams|Jeffrey M. Lacker|Dennis P. Lockhart|Narayana Kocherlakota|Richard W. Fisher
2015-04-29,Janet L. Yellen,6,10,-0.06,3,5,Jerome H. Powell|Lael Brainard|Janet L. Yellen|Stanley Fischer|Daniel K. Tarullo|Jerome H. Powell,William C. Dudley|Loretta J. Mester|James Bullard|Esther L. George|Charles L. Evans|Eric S. Rosengren|John C. Williams|Jeffrey M. Lacker|Dennis P. Lockhart|Narayana Kocherlakota
2015-06-17,Janet L. Yellen,6,10,-0.06,3,5,Jerome H. Powell|Lael Brainard|Janet L. Yellen|Stanley Fischer|Daniel K. Tarullo|Jerome H. Powell,William C. Dudley|Loretta J. Mester|James Bullard|Esther L. George|Charles L. Evans|Eric S. Rosengren|John C. Williams|Jeffrey M. Lacker|Dennis P. Lockhart|Narayana Kocherlakota
2015-07-29,Janet L. Yellen,6,11,-0.06,3,5,Jerome H. Powell|Lael Brainard|Janet L. Yellen|Stanley Fischer|Daniel K. Tarullo|Jerome H. Powell,William C. Dudley|Loretta J. Mester|Patrick T. Harker|James Bullard|Esther L. George|Charles L. Evans|Eric S. Rosengren|John C. Williams|Jeffrey M. Lacker|Dennis P. Lockhart|Narayana Kocherlakota
2015-09-17,Janet L. Yellen,6,12,-0.06,3,5,Jerome H. Powell|Lael Brainard|Janet L. Yellen|Stanley Fischer|Daniel K. Tarullo|Jerome H. Powell,William C. Dudley|Loretta J. Mester|Patrick T. Harker|James Bullard|Esther L. George|Charles L. Evans|Eric S. Rosengren|Robert S. Kaplan|John C. Williams|Jeffrey M. Lacker|Dennis P. Lockhart|Narayana Kocherlakota
2015-10-28,Janet L. Yellen,6,12,-0.06,3,5,Jerome H. Powell|Lael Brainard|Janet L. Yellen|Stanley Fischer|Daniel K. Tarullo|Jerome H. Powell,William C. Dudley|Loretta J. Mester|Patrick T. Harker|James Bullard|Esther L. George|Charles L. Evans|Eric S. Rosengren|Robert S. Kaplan|John C. Williams|Jeffrey M. Lacker|Dennis P. Lockhart|Narayana Kocherlakota
2015-12-16,Janet L. Yellen,6,12,-0.06,3,5,Jerome H. Powell|Lael Brainard|Janet L. Yellen|Stanley Fischer|Daniel K. Tarullo|Jerome H. Powell,William C. Dudley|Loretta J. Mester|Patrick T. Harker|James Bullard|Esther L. George|Charles L. Evans|Eric S. Rosengren|Robert S. Kaplan|John C. Williams|Jeffrey M. Lacker|Dennis P. Lockhart|Narayana Kocherlakota
2016-01-27,Janet L. Yellen,6,12,-0.06,3,5,Jerome H. Powell|Lael Brainard|Janet L. Yellen|Stanley Fischer|Daniel K. Tarullo|Jerome H. Powell,William C. Dudley|Loretta J. Mester|Patrick T. Harker|Neel Kashkari|James Bullard|Esther L. George|Charles L. Evans|Eric S. Rosengren|Robert S. Kaplan|John C. Williams|Jeffrey M. Lacker|Dennis P. Lockhart
2016-03-16,Janet L. Yellen,6,12,-0.06,3,5,Jerome H. Powell|Lael Brainard|Janet L. Yellen|Stanley Fischer|Daniel K. Tarullo|Jerome H. Powell,William C. Dudley|Loretta J. Mester|Patrick T. Harker|Neel Kashkari|James Bullard|Esther L. George|Charles L. Evans|Eric S. Rosengren|Robert S. Kaplan|John C. Williams|Jeffrey M. Lacker|Dennis P. Lockhart
2016-04-27,Janet L. Yellen,6,12,-0.06,3,5,Jerome H. Powell|Lael Brainard|Janet L. Yellen|Stanley Fischer|Daniel K. Tarullo|Jerome H. Powell,William C. Dudley|Loretta J. Mester|Patrick T. Harker|Neel Kashkari|James Bullard|Esther L. George|Charles L. Evans|Eric S. Rosengren|Robert S. Kaplan|John C. Williams|Jeffrey M. Lacker|Dennis P. Lockhart
2016-06-15,Janet L. Yellen,6,12,-0.06,3,5,Jerome H. Powell|Lael Brainard|Janet L. Yellen|Stanley Fischer|Daniel K. Tarullo|Jerome H. Powell,William C. Dudley|Loretta J. Mester|Patrick T. Harker|Neel Kashkari|James Bullard|Esther L. George|Charles L. Evans|Eric S. Rosengren|Robert S. Kaplan|John C. Williams|Jeffrey M. Lacker|Dennis P. Lockhart
2016-07-27,Janet L. Yellen,6,12,-0.06,3,5,Jerome H. Powell|Lael Brainard|Janet L. Yellen|Stanley Fischer|Daniel K. Tarullo|Jerome H. Powell,William C. Dudley|Loretta J. Mester|Patrick T. Harker|Neel Kashkari|James Bullard|Esther L. George|Charles L. Evans|Eric S. Rosengren|Robert S. Kaplan|John C. Williams|Jeffrey M. Lacker|Dennis P. Lockhart
2016-09-21,Janet L. Yellen,6,12,-0.06,3,5,Jerome H. Powell|Lael Brainard|Janet L. Yellen|Stanley Fischer|Daniel K. Tarullo|Jerome H. Powell,William C. Dudley|Loretta J. Mester|Patrick T. Harker|Neel Kashkari|James Bullard|Esther L. George|Charles L. Evans|Eric S. Rosengren|Robert S. Kaplan|John C. Williams|Jeffrey M. Lacker|Dennis P. Lockhart
2016-11-02,Janet L. Yellen,6,12,-0.06,3,5,Jerome H. Powell|Lael Brainard|Janet L. Yellen|Stanley Fischer|Daniel K. Tarullo|Jerome H. Powell,William C. Dudley|Loretta J. Mester|Patrick T. Harker|Neel Kashkari|James Bullard|Esther L. George|Charles L. Evans|Eric S. Rosengren|Robert S. Kaplan|John C. Williams|Jeffrey M. Lacker|Dennis P. Lockhart
2016-12-14,Janet L. Yellen,6,12,-0.06,3,5,Jerome H. Powell|Lael Brainard|Janet L. Yellen|Stanley Fischer|Daniel K. Tarullo|Jerome H. Powell,William C. Dudley|Loretta J. Mester|Patrick T. Harker|Neel Kashkari|James Bullard|Esther L. George|Charles L. Evans|Eric S. Rosengren|Robert S. Kaplan|John C. Williams|Jeffrey M. Lacker|Dennis P. Lockhart
2017-02-01,Janet L. Yellen,6,12,-0.06,3,5,Jerome H. Powell|Lael Brainard|Janet L. Yellen|Stanley Fischer|Daniel K. Tarullo|Jerome H. Powell,William C. Dudley|Loretta J. Mester|Patrick T. Harker|Neel Kashkari|James Bullard|Esther L. George|Charles L. Evans|Eric S. Rosengren|Robert S. Kaplan|John C. Williams|Jeffrey M. Lacker|Dennis P. Lockhart
2017-03-15,Janet L. Yellen,6,11,-0.06,3,5,Jerome H. Powell|Lael Brainard|Janet L. Yellen|Stanley Fischer|Daniel K. Tarullo|Jerome H. Powell,William C. Dudley|Loretta J. Mester|Patrick T. Harker|Neel Kashkari|James Bullard|Esther L. George|Charles L. Evans|Eric S. Rosengren|Robert S. Kaplan|John C. Williams|Jeffrey M. Lacker
2017-05-03,Janet L. Yellen,5,11,0.0,3,4,Jerome H. Powell|Lael Brainard|Janet L. Yellen|Stanley Fischer|Jerome H. Powell,William C. Dudley|Loretta J. Mester|Patrick T. Harker|Neel Kashkari|James Bullard|Esther L. George|Charles L. Evans|Eric S. Rosengren|Robert S. Kaplan|John C. Williams|Jeffrey M. Lacker
2017-06-14,Janet L. Yellen,5,12,0.0,3,4,Jerome H. Powell|Lael Brainard|Janet L. Yellen|Stanley Fischer|Jerome H. Powell,William C. Dudley|Raphael Bostic|Loretta J. Mester|Patrick T. Harker|Neel Kashkari|James Bullard|Esther L. George|Charles L. Evans|Eric S. Rosengren|Robert S. Kaplan|John C. Williams|Jeffrey M. Lacker
2017-07-26,Janet L. Yellen,5,12,0.0,3,4,Jerome H. Powell|Lael Brainard|Janet L. Yellen|Stanley Fischer|Jerome H. Powell,William C. Dudley|Raphael Bostic|Loretta J. Mester|Patrick T. Harker|Neel Kashkari|James Bullard|Esther L. George|Charles L. Evans|Eric S. Rosengren|Robert S. Kaplan|John C. Williams|Jeffrey M. Lacker
2017-09-20,Janet L. Yellen,5,12,0.0,3,4,Jerome H. Powell|Lael Brainard|Janet L. Yellen|Stanley Fischer|Jerome H. Powell,William C. Dudley|Raphael Bostic|Loretta J. Mester|Patrick T. Harker|Neel Kashkari|James Bullard|Esther L. George|Charles L. Evans|Eric S. Rosengren|Robert S. Kaplan|John C. Williams|Jeffrey M. Lacker
2017-11-01,Janet L. Yellen,5,11,0.0,3,4,Jerome H. Powell|Lael Brainard|Randal K. Quarles|Janet L. Yellen|Jerome H. Powell,William C. Dudley|Raphael Bostic|Loretta J. Mester|Patrick T. Harker|Neel Kashkari|James Bullard|Esther L. George|Charles L. Evans|Eric S. Rosengren|Robert S. Kaplan|John C. Williams
2017-12-13,Janet L. Yellen,5,11,0.0,3,4,Jerome H. Powell|Lael Brainard|Randal K. Quarles|Janet L. Yellen|Jerome H. Powell,William C. Dudley|Raphael Bostic|Loretta J. Mester|Patrick T. Harker|Neel Kashkari|James Bullard|Esther L. George|Charles L. Evans|Eric S. Rosengren|Robert S. Kaplan|John C. Williams
2018-01-31,Janet L. Yellen,5,12,0.0,3,4,Jerome H. Powell|Lael Brainard|Randal K. Quarles|Janet L. Yellen|Jerome H. Powell,William C. Dudley|Raphael Bostic|Loretta J. Mester|Thomas I. Barkin|Patrick T. Harker|Neel Kashkari|James Bullard|Esther L. George|Charles L. Evans|Eric S. Rosengren|Robert S. Kaplan|John C. Williams
2018-03-21,Jerome H. Powell,3,12,0.07,3,3,Jerome H. Powell|Lael Brainard|Randal K. Quarles,William C. Dudley|Raphael Bostic|Loretta J. Mester|Thomas I. Barkin|Patrick T. Harker|Neel Kashkari|James Bullard|Esther L. George|Charles L. Evans|Eric S. Rosengren|Robert S. Kaplan|John C. Williams
2018-05-02,Jerome H. Powell,3,12,0.07,3,3,Jerome H. Powell|Lael Brainard|Randal K. Quarles,William C. Dudley|Raphael Bostic|Loretta J. Mester|Thomas I. Barkin|Patrick T. Harker|Neel Kashkari|James Bullard|Esther L. George|Charles L. Evans|Eric S. Rosengren|Robert S. Kaplan|John C. Williams
2018-06-13,Jerome H. Powell,3,12,0.07,3,3,Jerome H. Powell|Lael Brainard|Randal K. Quarles,William C. Dudley|Raphael Bostic|Loretta J. Mester|Thomas I. Barkin|Patrick T. Harker|Neel Kashkari|James Bullard|Esther L. George|Charles L. Evans|Eric S. Rosengren|Robert S. Kaplan|John C. Williams
2018-08-01,Jerome H. Powell,3,11,0.07,3,3,Jerome H. Powell|Lael Brainard|Randal K. Quarles,John C. Williams|Raphael Bostic|Loretta J. Mester|Thomas I. Barkin|Patrick T. Harker|Neel Kashkari|James Bullard|Esther L. George|Charles L. Evans|Eric S. Rosengren|Robert S. Kaplan
2018-09-26,Jerome H. Powell,4,11,0.07,3,3,Jerome H. Powell|Lael Brainard|Richard H. Clarida|Randal K. Quarles,John C. Williams|Raphael Bostic|Loretta J. Mester|Thomas I. Barkin|Patrick T. Harker|Neel Kashkari|James Bullard|Esther L. George|Charles L. Evans|Eric S. Rosengren|Robert S. Kaplan
2018-11-08,Jerome H. Powell,4,12,0.06,3,3,Jerome H. Powell|Lael Brainard|Richard H. Clarida|Randal K. Quarles,John C. Williams|Raphael Bostic|Loretta J. Mester|Thomas I. Barkin|Mary C. Daly|Patrick T. Harker|Neel Kashkari|James Bullard|Esther L. George|Charles L. Evans|Eric S. Rosengren|Robert S. Kaplan
2018-12-19,Jerome H. Powell,5,12,0.12,4,3,Jerome H. Powell|Michelle W. Bowman|Lael Brainard|Richard H. Clarida|Randal K. Quarles,John C. Williams|Raphael Bostic|Loretta J. Mester|Thomas I. Barkin|Mary C. Daly|Patrick T. Harker|Neel Kashkari|James Bullard|Esther L. George|Charles L. Evans|Eric S. Rosengren|Robert S. Kaplan
2019-01-30,Jerome H. Powell,5,12,0.12,4,3,Jerome H. Powell|Michelle W. Bowman|Lael Brainard|Richard H. Clarida|Randal K. Quarles,John C. Williams|Raphael Bostic|Loretta J. Mester|Thomas I. Barkin|Mary C. Daly|Patrick T. Harker|Neel Kashkari|James Bullard|Esther L. George|Charles L. Evans|Eric S. Rosengren|Robert S. Kaplan
2019-03-20,Jerome H. Powell,5,12,0.12,4,3,Jerome H. Powell|Michelle W. Bowman|Lael Brainard|Richard H. Clarida|Randal K. Quarles,John C. Williams|Raphael Bostic|Loretta J. Mester|Thomas I. Barkin|Mary C. Daly|Patrick T. Harker|Neel Kashkari|James Bullard|Esther L. George|Charles L. Evans|Eric S. Rosengren|Robert S. Kaplan
2019-05-01,Jerome H. Powell,5,12,0.12,4,3,Jerome H. Powell|Michelle W. Bowman|Lael Brainard|Richard H. Clarida|Randal K. Quarles,John C. Williams|Raphael Bostic|Loretta J. Mester|Thomas I. Barkin|Mary C. Daly|Patrick T. Harker|Neel Kashkari|James Bullard|Esther L. George|Charles L. Evans|Eric S. Rosengren|Robert S. Kaplan
2019-06-19,Jerome H. Powell,5,12,0.12,4,3,Jerome H. Powell|Michelle W. Bowman|Lael Brainard|Richard H. Clarida|Randal K. Quarles,John C. Williams|Raphael Bostic|Loretta J. Mester|Thomas I. Barkin|Mary C. Daly|Patrick T. Harker|Neel Kashkari|James Bullard|Esther L. George|Charles L. Evans|Eric S. Rosengren|Robert S. Kaplan
2019-07-31,Jerome H. Powell,5,12,0.12,4,3,Jerome H. Powell|Michelle W. Bowman|Lael Brainard|Richard H. Clarida|Randal K. Quarles,John C. Williams|Raphael Bostic|Loretta J. Mester|Thomas I. Barkin|Mary C. Daly|Patrick T. Harker|Neel Kashkari|James Bullard|Esther L. George|Charles L. Evans|Eric S. Rosengren|Robert S. Kaplan
2019-09-18,Jerome H. Powell,5,12,0.12,4,3,Jerome H. Powell|Michelle W. Bowman|Lael Brainard|Richard H. Clarida|Randal K. Quarles,John C. Williams|Raphael Bostic|Loretta J. Mester|Thomas I. Barkin|Mary C. Daly|Patrick T. Harker|Neel Kashkari|James Bullard|Esther L. George|Charles L. Evans|Eric S. Rosengren|Robert S. Kaplan
2019-10-30,Jerome H. Powell,5,12,0.12,4,3,Jerome H. Powell|Michelle W. Bowman|Lael Brainard|Richard H. Clarida|Randal K. Quarles,John C. Williams|Raphael Bostic|Loretta J. Mester|Thomas I. Barkin|Mary C. Daly|Patrick T. Harker|Neel Kashkari|James Bullard|Esther L. George|Charles L. Evans|Eric S. Rosengren|Robert S. Kaplan
2019-12-11,Jerome H. Powell,5,12,0.12,4,3,Jerome H. Powell|Michelle W. Bowman|Lael Brainard|Richard H. Clarida|Randal K. Quarles,John C. Williams|Raphael Bostic|Loretta J. Mester|Thomas I. Barkin|Mary C. Daly|Patrick T. Harker|Neel Kashkari|James Bullard|Esther L. George|Charles L. Evans|Eric S. Rosengren|Robert S. Kaplan
2020-01-29,Jerome H. Powell,5,12,0.12,4,3,Jerome H. Powell|Michelle W. Bowman|Lael Brainard|Richard H. Clarida|Randal K. Quarles,John C. Williams|Raphael Bostic|Loretta J. Mester|Thomas I. Barkin|Mary C. Daly|Patrick T. Harker|Neel Kashkari|James Bullard|Esther L. George|Charles L. Evans|Eric S. Rosengren|Robert S. Kaplan
2020-03-03,Jerome H. Powell,5,12,0.12,4,3,Jerome H. Powell|Michelle W. Bowman|Lael Brainard|Richard H. Clarida|Randal K. Quarles,John C. Williams|Raphael Bostic|Loretta J. Mester|Thomas I. Barkin|Mary C. Daly|Patrick T. Harker|Neel Kashkari|James Bullard|Esther L. George|Charles L. Evans|Eric S. Rosengren|Robert S. Kaplan
2020-03-15,Jerome H. Powell,5,12,0.12,4,3,Jerome H. Powell|Michelle W. Bowman|Lael Brainard|Richard H. Clarida|Randal K. Quarles,John C. Williams|Raphael Bostic|Loretta J. Mester|Thomas I. Barkin|Mary C. Daly|Patrick T. Harker|Neel Kashkari|James Bullard|Esther L. George|Charles L. Evans|Eric S. Rosengren|Robert S. Kaplan
2020-04-29,Jerome H. Powell,5,12,0.12,4,3,Jerome H. Powell|Michelle W. Bowman|Lael Brainard|Richard H. Clarida|Randal K. Quarles,John C. Williams|Raphael Bostic|Loretta J. Mester|Thomas I. Barkin|Mary C. Daly|Patrick T. Harker|Neel Kashkari|James Bullard|Esther L. George|Charles L. Evans|Eric S. Rosengren|Robert S. Kaplan
2020-06-10,Jerome H. Powell,5,12,0.12,4,3,Jerome H. Powell|Michelle W. Bowman|Lael Brainard|Richard H. Clarida|Randal K. Quarles,John C. Williams|Raphael Bostic|Loretta J. Mester|Thomas I. Barkin|Mary C. Daly|Patrick T. Harker|Neel Kashkari|James Bullard|Esther L. George|Charles L. Evans|Eric S. Rosengren|Robert S. Kaplan
2020-07-29,Jerome H. Powell,5,12,0.12,4,3,Jerome H. Powell|Michelle W. Bowman|Lael Brainard|Richard H. Clarida|Randal K. Quarles,John C. Williams|Raphael Bostic|Loretta J. Mester|Thomas I. Barkin|Mary C. Daly|Patrick T. Harker|Neel Kashkari|James Bullard|Esther L. George|Charles L. Evans|Eric S. Rosengren|Robert S. Kaplan
2020-09-16,Jerome H. Powell,5,12,0.12,4,3,Jerome H. Powell|Michelle W. Bowman|Lael Brainard|Richard H. Clarida|Randal K. Quarles,John C. Williams|Raphael Bostic|Loretta J. Mester|Thomas I. Barkin|Mary C. Daly|Patrick T. Harker|Neel Kashkari|James Bullard|Esther L. George|Charles L. Evans|Eric S. Rosengren|Robert S. Kaplan
2020-11-05,Jerome H. Powell,5,12,0.12,4,3,Jerome H. Powell|Michelle W. Bowman|Lael Brainard|Richard H. Clarida|Randal K. Quarles,John C. Williams|Raphael Bostic|Loretta J. Mester|Thomas I. Barkin|Mary C. Daly|Patrick T. Harker|Neel Kashkari|James Bullard|Esther L. George|Charles L. Evans|Eric S. Rosengren|Robert S. Kaplan
2020-12-16,Jerome H. Powell,5,12,0.12,4,3,Jerome H. Powell|Michelle W. Bowman|Lael Brainard|Richard H. Clarida|Randal K. Quarles,John C. Williams|Raphael Bostic|Loretta J. Mester|Thomas I. Barkin|Mary C. Daly|Patrick T. Harker|Neel Kashkari|James Bullard|Esther L. George|Charles L. Evans|Eric S. Rosengren|Robert S. Kaplan
2021-01-27,Jerome H. Powell,6,12,0.17,5,3,Jerome H. Powell|Michelle W. Bowman|Christopher J. Waller|Lael Brainard|Richard H. Clarida|Randal K. Quarles,John C. Williams|Raphael Bostic|Loretta J. Mester|Thomas I. Barkin|Mary C. Daly|Patrick T. Harker|Neel Kashkari|James Bullard|Esther L. George|Charles L. Evans|Eric S. Rosengren|Robert S. Kaplan
2021-03-17,Jerome H. Powell,6,12,0.17,5,3,Jerome H. Powell|Michelle W. Bowman|Christopher J. Waller|Lael Brainard|Richard H. Clarida|Randal K. Quarles,John C. Williams|Raphael Bostic|Loretta J. Mester|Thomas I. Barkin|Mary C. Daly|Patrick T. Harker|Neel Kashkari|James Bullard|Esther L. George|Charles L. Evans|Eric S. Rosengren|Robert S. Kaplan
2021-04-28,Jerome H. Powell,6,12,0.17,5,3,Jerome H. Powell|Michelle W. Bowman|Christopher J. Waller|Lael Brainard|Richard H. Clarida|Randal K. Quarles,John C. Williams|Raphael Bostic|Loretta J. Mester|Thomas I. Barkin|Mary C. Daly|Patrick T. Harker|Neel Kashkari|James Bullard|Esther L. George|Charles L. Evans|Eric S. Rosengren|Robert S. Kaplan
2021-06-16,Jerome H. Powell,6,12,0.17,5,3,Jerome H. Powell|Michelle W. Bowman|Christopher J. Waller|Lael Brainard|Richard H. Clarida|Randal K. Quarles,John C. Williams|Raphael Bostic|Loretta J. Mester|Thomas I. Barkin|Mary C. Daly|Patrick T. Harker|Neel Kashkari|James Bullard|Esther L. George|Charles L. Evans|Eric S. Rosengren|Robert S. Kaplan
2021-07-28,Jerome H. Powell,6,12,0.17,5,3,Jerome H. Powell|Michelle W. Bowman|Christopher J. Waller|Lael Brainard|Richard H. Clarida|Randal K. Quarles,John C. Williams|Raphael Bostic|Loretta J. Mester|Thomas I. Barkin|Mary C. Daly|Patrick T. Harker|Neel Kashkari|James Bullard|Esther L. George|Charles L. Evans|Eric S. Rosengren|Robert S. Kaplan
2021-09-22,Jerome H. Powell,6,12,0.17,5,3,Jerome H. Powell|Michelle W. Bowman|Christopher J. Waller|Lael Brainard|Richard H. Clarida|Randal K. Quarles,John C. Williams|Raphael Bostic|Loretta J. Mester|Thomas I. Barkin|Mary C. Daly|Patrick T. Harker|Neel Kashkari|James Bullard|Esther L. George|Charles L. Evans|Eric S. Rosengren|Robert S. Kaplan
2021-11-03,Jerome H. Powell,6,10,0.19,5,3,Jerome H. Powell|Michelle W. Bowman|Christopher J. Waller|Lael Brainard|Richard H. Clarida|Randal K. Quarles,John C. Williams|Raphael Bostic|Loretta J. Mester|Thomas I. Barkin|Mary C. Daly|Patrick T. Harker|Neel Kashkari|James Bullard|Esther L. George|Charles L. Evans
2021-12-15,Jerome H. Powell,6,10,0.19,5,3,Jerome H. Powell|Michelle W. Bowman|Christopher J. Waller|Lael Brainard|Richard H. Clarida|Randal K. Quarles,John C. Williams|Raphael Bostic|Loretta J. Mester|Thomas I. Barkin|Mary C. Daly|Patrick T. Harker|Neel Kashkari|James Bullard|Esther L. George|Charles L. Evans
2022-01-26,Jerome H. Powell,6,10,0.12,5,4,Jerome H. Powell|Michelle W. Bowman|Christopher J. Waller|Lael Brainard|Lael Brainard|Nellie Liang,John C. Williams|Raphael Bostic|Loretta J. Mester|Thomas I. Barkin|Mary C. Daly|Patrick T. Harker|Neel Kashkari|James Bullard|Esther L. George|Charles L. Evans
2022-03-16,Jerome H. Powell,6,10,0.12,5,4,Jerome H. Powell|Michelle W. Bowman|Christopher J. Waller|Lael Brainard|Lael Brainard|Nellie Liang,John C. Williams|Raphael Bostic|Loretta J. Mester|Thomas I. Barkin|Mary C. Daly|Patrick T. Harker|Neel Kashkari|James Bullard|Esther L. George|Charles L. Evans
2022-05-04,Jerome H. Powell,6,10,0.12,5,4,Jerome H. Powell|Michelle W. Bowman|Christopher J. Waller|Lael Brainard|Lael Brainard|Nellie Liang,John C. Williams|Raphael Bostic|Loretta J. Mester|Thomas I. Barkin|Mary C. Daly|Patrick T. Harker|Neel Kashkari|James Bullard|Esther L. George|Charles L. Evans
2022-06-15,Jerome H. Powell,8,10,0.06,5,5,Jerome H. Powell|Philip N. Jefferson|Michelle W. Bowman|Lisa D. Cook|Christopher J. Waller|Lael Brainard|Lael Brainard|Nellie Liang,John C. Williams|Raphael Bostic|Loretta J. Mester|Thomas I. Barkin|Mary C. Daly|Patrick T. Harker|Neel Kashkari|James Bullard|Esther L. George|Charles L. Evans
2022-07-27,Jerome H. Powell,9,10,0.05,5,5,Jerome H. Powell|Philip N. Jefferson|Michael S. Barr|Michelle W. Bowman|Lisa D. Cook|Christopher J. Waller|Lael Brainard|Lael Brainard|Nellie Liang,John C. Williams|Raphael Bostic|Loretta J. Mester|Thomas I. Barkin|Mary C. Daly|Patrick T. Harker|Neel Kashkari|James Bullard|Esther L. George|Charles L. Evans
2022-09-21,Jerome H. Powell,9,11,0.05,5,5,Jerome H. Powell|Philip N. Jefferson|Michael S. Barr|Michelle W. Bowman|Lisa D. Cook|Christopher J. Waller|Lael Brainard|Lael Brainard|Nellie Liang,John C. Williams|Raphael Bostic|Loretta J. Mester|Lorie K. Logan|Thomas I. Barkin|Mary C. Daly|Patrick T. Harker|Neel Kashkari|James Bullard|Esther L. George|Charles L. Evans
2022-11-02,Jerome H. Powell,9,11,0.05,5,5,Jerome H. Powell|Philip N. Jefferson|Michael S. Barr|Michelle W. Bowman|Lisa D. Cook|Christopher J. Waller|Lael Brainard|Lael Brainard|Nellie Liang,John C. Williams|Raphael Bostic|Loretta J. Mester|Lorie K. Logan|Thomas I. Barkin|Mary C. Daly|Patrick T. Harker|Neel Kashkari|James Bullard|Esther L. George|Charles L. Evans
2022-12-14,Jerome H. Powell,9,11,0.05,5,5,Jerome H. Powell|Philip N. Jefferson|Michael S. Barr|Michelle W. Bowman|Lisa D. Cook|Christopher J. Waller|Lael Brainard|Lael Brainard|Nellie Liang,John C. Williams|Raphael Bostic|Loretta J. Mester|Lorie K. Logan|Thomas I. Barkin|Mary C. Daly|Patrick T. Harker|Neel Kashkari|James Bullard|Esther L. George|Charles L. Evans
2023-02-01,Jerome H. Powell,8,10,0.0,4,4,Jerome H. Powell|Philip N. Jefferson|Michael S. Barr|Michelle W. Bowman|Lisa D. Cook|Christopher J. Waller|Lael Brainard|Lael Brainard,John C. Williams|Raphael Bostic|Austan Goolsbee|Loretta J. Mester|Lorie K. Logan|Thomas I. Barkin|Mary C. Daly|Patrick T. Harker|Neel Kashkari|James Bullard
2023-03-22,Jerome H. Powell,6,10,0.12,4,2,Jerome H. Powell|Philip N. Jefferson|Michael S. Barr|Michelle W. Bowman|Lisa D. Cook|Christopher J. Waller,John C. Williams|Raphael Bostic|Austan Goolsbee|Loretta J. Mester|Lorie K. Logan|Thomas I. Barkin|Mary C. Daly|Patrick T. Harker|Neel Kashkari|James Bullard
2023-05-03,Jerome H. Powell,6,10,0.12,4,2,Jerome H. Powell|Philip N. Jefferson|Michael S. Barr|Michelle W. Bowman|Lisa D. Cook|Christopher J. Waller,John C. Williams|Raphael Bostic|Austan Goolsbee|Loretta J. Mester|Lorie K. Logan|Thomas I. Barkin|Mary C. Daly|Patrick T. Harker|Neel Kashkari|James Bullard
2023-06-14,Jerome H. Powell,6,10,0.12,4,2,Jerome H. Powell|Philip N. Jefferson|Michael S. Barr|Michelle W. Bowman|Lisa D. Cook|Christopher J. Waller,John C. Williams|Raphael Bostic|Austan Goolsbee|Loretta J. Mester|Lorie K. Logan|Thomas I. Barkin|Mary C. Daly|Patrick T. Harker|Neel Kashkari|James Bullard
2023-07-26,Jerome H. Powell,6,10,0.12,4,2,Jerome H. Powell|Philip N. Jefferson|Michael S. Barr|Michelle W. Bowman|Lisa D. Cook|Christopher J. Waller,John C. Williams|Raphael Bostic|Austan Goolsbee|Loretta J. Mester|Lorie K. Logan|Thomas I. Barkin|Mary C. Daly|Patrick T. Harker|Neel Kashkari|James Bullard
2023-09-20,Jerome H. Powell,7,9,0.06,3,2,Jerome H. Powell|Philip N. Jefferson|Michael S. Barr|Michelle W. Bowman|Lisa D. Cook|Adriana D. Kugler|Christopher J. Waller,John C. Williams|Raphael Bostic|Austan Goolsbee|Loretta J. Mester|Lorie K. Logan|Thomas I. Barkin|Mary C. Daly|Patrick T. Harker|Neel Kashkari
2023-11-01,Jerome H. Powell,7,9,0.06,3,2,Jerome H. Powell|Philip N. Jefferson|Michael S. Barr|Michelle W. Bowman|Lisa D. Cook|Adriana D. Kugler|Christopher J. Waller,John C. Williams|Raphael Bostic|Austan Goolsbee|Loretta J. Mester|Lorie K. Logan|Thomas I. Barkin|Mary C. Daly|Patrick T. Harker|Neel Kashkari
2023-12-13,Jerome H. Powell,7,9,0.06,3,2,Jerome H. Powell|Philip N. Jefferson|Michael S. Barr|Michelle W. Bowman|Lisa D. Cook|Adriana D. Kugler|Christopher J. Waller,John C. Williams|Raphael Bostic|Austan Goolsbee|Loretta J. Mester|Lorie K. Logan|Thomas I. Barkin|Mary C. Daly|Patrick T. Harker|Neel Kashkari
2024-01-31,Jerome H. Powell,7,9,0.06,3,2,Jerome H. Powell|Philip N. Jefferson|Michael S. Barr|Michelle W. Bowman|Lisa D. Cook|Adriana D. Kugler|Christopher J. Waller,John C. Williams|Raphael Bostic|Austan Goolsbee|Loretta J. Mester|Lorie K. Logan|Thomas I. Barkin|Mary C. Daly|Patrick T. Harker|Neel Kashkari
2024-03-20,Jerome H. Powell,7,9,0.06,3,2,Jerome H. Powell|Philip N. Jefferson|Michael S. Barr|Michelle W. Bowman|Lisa D. Cook|Adriana D. Kugler|Christopher J. Waller,John C. Williams|Raphael Bostic|Austan Goolsbee|Loretta J. Mester|Lorie K. Logan|Thomas I. Barkin|Mary C. Daly|Patrick T. Harker|Neel Kashkari
2024-05-01,Jerome H. Powell,7,9,0.06,3,2,Jerome H. Powell|Philip N. Jefferson|Michael S. Barr|Michelle W. Bowman|Lisa D. Cook|Adriana D. Kugler|Christopher J. Waller,John C. Williams|Raphael Bostic|Austan Goolsbee|Loretta J. Mester|Lorie K. Logan|Thomas I. Barkin|Mary C. Daly|Patrick T. Harker|Neel Kashkari
2024-06-12,Jerome H. Powell,7,9,0.06,3,2,Jerome H. Powell|Philip N. Jefferson|Michael S. Barr|Michelle W. Bowman|Lisa D. Cook|Adriana D. Kugler|Christopher J. Waller,John C. Williams|Raphael Bostic|Austan Goolsbee|Loretta J. Mester|Lorie K. Logan|Thomas I. Barkin|Mary C. Daly|Patrick T. Harker|Neel Kashkari
2024-07-31,Jerome H. Powell,7,8,0.0,2,2,Jerome H. Powell|Philip N. Jefferson|Michael S. Barr|Michelle W. Bowman|Lisa D. Cook|Adriana D. Kugler|Christopher J. Waller,John C. Williams|Raphael Bostic|Austan Goolsbee|Lorie K. Logan|Thomas I. Barkin|Mary C. Daly|Patrick T. Harker|Neel Kashkari
2024-09-18,Jerome H. Powell,7,8,0.0,2,2,Jerome H. Powell|Philip N. Jefferson|Michael S. Barr|Michelle W. Bowman|Lisa D. Cook|Adriana D. Kugler|Christopher J. Waller,John C. Williams|Raphael Bostic|Austan Goolsbee|Lorie K. Logan|Thomas I. Barkin|Mary C. Daly|Patrick T. Harker|Neel Kashkari
2024-11-07,Jerome H. Powell,7,8,0.0,2,2,Jerome H. Powell|Philip N. Jefferson|Michael S. Barr|Michelle W. Bowman|Lisa D. Cook|Adriana D. Kugler|Christopher J. Waller,John C. Williams|Raphael Bostic|Austan Goolsbee|Lorie K. Logan|Thomas I. Barkin|Mary C. Daly|Patrick T. Harker|Neel Kashkari
2024-12-18,Jerome H. Powell,7,8,0.0,2,2,Jerome H. Powell|Philip N. Jefferson|Michael S. Barr|Michelle W. Bowman|Lisa D. Cook|Adriana D. Kugler|Christopher J. Waller,John C. Williams|Raphael Bostic|Austan Goolsbee|Lorie K. Logan|Thomas I. Barkin|Mary C. Daly|Patrick T. Harker|Neel Kashkari
2025-01-29,Jerome H. Powell,7,8,0.0,2,2,Jerome H. Powell|Philip N. Jefferson|Michael S. Barr|Michelle W. Bowman|Lisa D. Cook|Adriana D. Kugler|Christopher J. Waller,John C. Williams|Raphael Bostic|Austan Goolsbee|Lorie K. Logan|Thomas I. Barkin|Mary C. Daly|Patrick T. Harker|Neel Kashkari
2025-03-19,Jerome H. Powell,7,8,0.0,2,2,Jerome H. Powell|Philip N. Jefferson|Michael S. Barr|Michelle W. Bowman|Lisa D. Cook|Adriana D. Kugler|Christopher J. Waller,John C. Williams|Raphael Bostic|Austan Goolsbee|Lorie K. Logan|Thomas I. Barkin|Mary C. Daly|Patrick T. Harker|Neel Kashkari
2025-05-07,Jerome H. Powell,7,8,0.0,2,2,Jerome H. Powell|Philip N. Jefferson|Michael S. Barr|Michelle W. Bowman|Lisa D. Cook|Adriana D. Kugler|Christopher J. Waller,John C. Williams|Raphael Bostic|Austan Goolsbee|Lorie K. Logan|Thomas I. Barkin|Mary C. Daly|Patrick T. Harker|Neel Kashkari
2025-06-18,Jerome H. Powell,7,8,0.0,2,2,Jerome H. Powell|Philip N. Jefferson|Michael S. Barr|Michelle W. Bowman|Lisa D. Cook|Adriana D. Kugler|Christopher J. Waller,John C. Williams|Raphael Bostic|Austan Goolsbee|Lorie K. Logan|Thomas I. Barkin|Mary C. Daly|Patrick T. Harker|Neel Kashkari
2025-07-30,Jerome H. Powell,7,8,0.0,2,2,Jerome H. Powell|Philip N. Jefferson|Michael S. Barr|Michelle W. Bowman|Lisa D. Cook|Adriana D. Kugler|Christopher J. Waller,John C. Williams|Raphael Bostic|Austan Goolsbee|Lorie K. Logan|Thomas I. Barkin|Mary C. Daly|Patrick T. Harker|Neel Kashkari
2025-09-17,Jerome H. Powell,7,8,0.0,2,2,Jerome H. Powell|Philip N. Jefferson|Michael S. Barr|Michelle W. Bowman|Lisa D. Cook|Adriana D. Kugler|Christopher J. Waller,John C. Williams|Raphael Bostic|Austan Goolsbee|Lorie K. Logan|Thomas I. Barkin|Mary C. Daly|Patrick T. Harker|Neel Kashkari
2025-11-05,Jerome H. Powell,7,8,0.0,2,2,Jerome H. Powell|Philip N. Jefferson|Michael S. Barr|Michelle W. Bowman|Lisa D. Cook|Adriana D. Kugler|Christopher J. Waller,John C. Williams|Raphael Bostic|Austan Goolsbee|Lorie K. Logan|Thomas I. Barkin|Mary C. Daly|Patrick T. Harker|Neel Kashkari
2025-12-17,Jerome H. Powell,7,8,0.0,2,2,Jerome H. Powell|Philip N. Jefferson|Michael S. Barr|Michelle W. Bowman|Lisa D. Cook|Adriana D. Kugler|Christopher J. Waller,John C. Williams|Raphael Bostic|Austan Goolsbee|Lorie K. Logan|Thomas I. Barkin|Mary C. Daly|Patrick T. Harker|Neel Kashkari
