decision_date,fear_indicators_recession_mean,fear_indicators_recession_max,fear_indicators_recession_trend,fear_indicators_market crash_mean,fear_indicators_market crash_max,fear_indicators_market crash_trend,fear_indicators_layoffs_mean,fear_indicators_layoffs_max,fear_indicators_layoffs_trend,fear_indicators_unemployment_mean,fear_indicators_unemployment_max,fear_indicators_unemployment_trend,fear_indicators_depression_mean,fear_indicators_depression_max,fear_indicators_depression_trend,inflation_indicators_inflation_mean,inflation_indicators_inflation_max,inflation_indicators_inflation_trend,inflation_indicators_prices rising_mean,inflation_indicators_prices rising_max,inflation_indicators_prices rising_trend,inflation_indicators_cost of living_mean,inflation_indicators_cost of living_max,inflation_indicators_cost of living_trend,inflation_indicators_gas prices_mean,inflation_indicators_gas prices_max,inflation_indicators_gas prices_trend,inflation_indicators_grocery prices_mean,inflation_indicators_grocery prices_max,inflation_indicators_grocery prices_trend,fed_indicators_federal reserve_mean,fed_indicators_federal reserve_max,fed_indicators_federal reserve_trend,fed_indicators_interest rates_mean,fed_indicators_interest rates_max,fed_indicators_interest rates_trend,fed_indicators_fed rate hike_mean,fed_indicators_fed rate hike_max,fed_indicators_fed rate hike_trend,fed_indicators_fed rate cut_mean,fed_indicators_fed rate cut_max,fed_indicators_fed rate cut_trend,fed_indicators_fomc_mean,fed_indicators_fomc_max,fed_indicators_fomc_trend,job_indicators_jobs_mean,job_indicators_jobs_max,job_indicators_jobs_trend,job_indicators_hiring_mean,job_indicators_hiring_max,job_indicators_hiring_trend,job_indicators_job openings_mean,job_indicators_job openings_max,job_indicators_job openings_trend,job_indicators_job market_mean,job_indicators_job market_max,job_indicators_job market_trend,job_indicators_find a job_mean,job_indicators_find a job_max,job_indicators_find a job_trend,housing_indicators_housing market_mean,housing_indicators_housing market_max,housing_indicators_housing market_trend,housing_indicators_mortgage rates_mean,housing_indicators_mortgage rates_max,housing_indicators_mortgage rates_trend,housing_indicators_home prices_mean,housing_indicators_home prices_max,housing_indicators_home prices_trend,housing_indicators_housing crash_mean,housing_indicators_housing crash_max,housing_indicators_housing crash_trend,housing_indicators_buy a house_mean,housing_indicators_buy a house_max,housing_indicators_buy a house_trend,desperation_indicators_sell my car_mean,desperation_indicators_sell my car_max,desperation_indicators_sell my car_trend,desperation_indicators_pawn shop_mean,desperation_indicators_pawn shop_max,desperation_indicators_pawn shop_trend,desperation_indicators_payday loan_mean,desperation_indicators_payday loan_max,desperation_indicators_payday loan_trend,desperation_indicators_food stamps_mean,desperation_indicators_food stamps_max,desperation_indicators_food stamps_trend,desperation_indicators_bankruptcy_mean,desperation_indicators_bankruptcy_max,desperation_indicators_bankruptcy_trend,optimism_indicators_invest in stocks_mean,optimism_indicators_invest in stocks_max,optimism_indicators_invest in stocks_trend,optimism_indicators_buy stocks_mean,optimism_indicators_buy stocks_max,optimism_indicators_buy stocks_trend,optimism_indicators_stock market_mean,optimism_indicators_stock market_max,optimism_indicators_stock market_trend,optimism_indicators_retirement_mean,optimism_indicators_retirement_max,optimism_indicators_retirement_trend,optimism_indicators_401k_mean,optimism_indicators_401k_max,optimism_indicators_401k_trend,fed_chair_searches_mean,fed_chair_searches_max,fed_chair_searches_trend,fear_indicators_index_mean,fear_indicators_index_max,fear_indicators_index_trend,inflation_indicators_index_mean,inflation_indicators_index_max,inflation_indicators_index_trend,fed_indicators_index_mean,fed_indicators_index_max,fed_indicators_index_trend,job_indicators_index_mean,job_indicators_index_max,job_indicators_index_trend,housing_indicators_index_mean,housing_indicators_index_max,housing_indicators_index_trend,desperation_indicators_index_mean,desperation_indicators_index_max,desperation_indicators_index_trend,optimism_indicators_index_mean,optimism_indicators_index_max,optimism_indicators_index_trend,fear_optimism_ratio_mean,fear_optimism_ratio_max,fear_optimism_ratio_trend,desperation_zscore_mean,desperation_zscore_max,desperation_zscore_trend,fed_attention_zscore_mean,fed_attention_zscore_max,fed_attention_zscore_trend,fed_chair_zscore_mean,fed_chair_zscore_max,fed_chair_zscore_trend,fed_chair_spike_mean,fed_chair_spike_max,fed_chair_spike_trend,fear_indicators_recession_wow_change_mean,fear_indicators_recession_wow_change_max,fear_indicators_recession_wow_change_trend,fear_indicators_recession_4w_change_mean,fear_indicators_recession_4w_change_max,fear_indicators_recession_4w_change_trend,inflation_indicators_inflation_wow_change_mean,inflation_indicators_inflation_wow_change_max,inflation_indicators_inflation_wow_change_trend,inflation_indicators_inflation_4w_change_mean,inflation_indicators_inflation_4w_change_max,inflation_indicators_inflation_4w_change_trend,fed_indicators_interest_rates_wow_change_mean,fed_indicators_interest_rates_wow_change_max,fed_indicators_interest_rates_wow_change_trend,fed_indicators_interest_rates_4w_change_mean,fed_indicators_interest_rates_4w_change_max,fed_indicators_interest_rates_4w_change_trend,job_indicators_jobs_wow_change_mean,job_indicators_jobs_wow_change_max,job_indicators_jobs_wow_change_trend,job_indicators_jobs_4w_change_mean,job_indicators_jobs_4w_change_max,job_indicators_jobs_4w_change_trend,recession_search_spike_mean,recession_search_spike_max,recession_search_spike_trend
2004-01-28,,,,,,,,,,,,,,,,,,,,,,,,,,,,,,,,,,,,,,,,,,,,,,,,,,,,,,,,,,,,,,,,,,,,,,,,,,,,,,,,,,,,,,,,,,,,,,,,,,,,,,,,,,24.666666666666668,31.0,1.0,,,,,,,,,,,,,,,,,,,,,,,,,,,,,,,,,,0.0,0,0.0,,,,,,,,,,,,,,,,,,,,,,,,,0.0,0,0.0
2004-03-16,0.0,0.0,,0.0,0.0,,0.0,0.0,,4.0,4.0,,7.0,7.0,,10.0,10.0,,0.0,0.0,,16.0,16.0,,10.0,10.0,,0.0,0.0,,38.0,38.0,,44.0,44.0,,0.0,0.0,,0.0,0.0,,1.0,1.0,,55.0,55.0,,1.0,1.0,,1.0,1.0,,0.0,0.0,,0.0,0.0,,2.0,2.0,,33.0,33.0,,7.0,7.0,,0.0,0.0,,4.0,4.0,,1.0,1.0,,3.0,3.0,,2.0,2.0,,6.0,6.0,,61.0,61.0,,0.0,0.0,,1.0,1.0,,12.0,12.0,,21.0,21.0,,8.0,8.0,,49.333333333333336,56.0,-18.0,2.2,2.2,,7.2,7.2,,16.6,16.6,,11.4,11.4,,9.2,9.2,,14.6,14.6,,8.4,8.4,,0.2619047619047619,0.2619047619047619,,,,,,,,,,,0.0,0,0.0,,,,,,,,,,,,,,,,,,,,,,,,,0.0,0,0.0
2004-05-04,0.0,0.0,,0.0,0.0,,0.0,0.0,,4.0,4.0,,6.0,6.0,,11.0,11.0,,1.0,1.0,,15.0,15.0,,25.0,25.0,,0.0,0.0,,34.0,34.0,,48.0,48.0,,0.0,0.0,,0.0,0.0,,2.0,2.0,,56.0,56.0,,1.0,1.0,,1.0,1.0,,0.0,0.0,,0.0,0.0,,2.0,2.0,,25.0,25.0,,8.0,8.0,,0.0,0.0,,3.0,3.0,,1.0,1.0,,4.0,4.0,,3.0,3.0,,5.0,5.0,,52.0,52.0,,0.0,0.0,,1.0,1.0,,9.0,9.0,,22.0,22.0,,6.0,6.0,,51.0,60.0,-13.0,2.0,2.0,,10.4,10.4,,16.8,16.8,,11.6,11.6,,7.6,7.6,,13.0,13.0,,7.6,7.6,,0.2631578947368421,0.2631578947368421,,,,,,,,,,,0.0,0,0.0,,,,,,,,,,,,,,,,,,,,,,,,,0.0,0,0.0
2004-06-30,,,,,,,,,,,,,,,,,,,,,,,,,,,,,,,,,,,,,,,,,,,,,,,,,,,,,,,,,,,,,,,,,,,,,,,,,,,,,,,,,,,,,,,,,,,,,,,,,,,,,,,,,,37.666666666666664,42.0,2.0,,,,,,,,,,,,,,,,,,,,,,,,,,,,,,,,,,0.0,0,0.0,,,,,,,,,,,,,,,,,,,,,,,,,0.0,0,0.0
2004-08-10,0.0,0.0,,0.0,0.0,,0.0,0.0,,4.0,4.0,,4.0,4.0,,7.0,7.0,,0.0,0.0,,15.0,15.0,,5.0,5.0,,0.0,0.0,,33.0,33.0,,35.0,35.0,,0.0,0.0,,0.0,0.0,,2.0,2.0,,58.0,58.0,,1.0,1.0,,1.0,1.0,,0.0,0.0,,0.0,0.0,,2.0,2.0,,18.0,18.0,,7.0,7.0,,0.0,0.0,,3.0,3.0,,1.0,1.0,,4.0,4.0,,3.0,3.0,,7.0,7.0,,63.0,63.0,,0.0,0.0,,1.0,1.0,,8.0,8.0,,23.0,23.0,,8.0,8.0,,16.333333333333332,20.0,-2.0,1.6,1.6,,5.4,5.4,,14.0,14.0,,12.0,12.0,,6.0,6.0,,15.6,15.6,,8.0,8.0,,0.2,0.2,,,,,,,,,,,0.0,0,0.0,,,,,,,,,,,,,,,,,,,,,,,,,0.0,0,0.0
2004-09-21,0.0,0.0,,0.0,0.0,,0.0,0.0,,4.0,4.0,,5.0,5.0,,9.0,9.0,,0.0,0.0,,14.0,14.0,,5.0,5.0,,0.0,0.0,,34.0,34.0,,32.0,32.0,,0.0,0.0,,0.0,0.0,,2.0,2.0,,52.0,52.0,,1.0,1.0,,1.0,1.0,,0.0,0.0,,0.0,0.0,,2.0,2.0,,17.0,17.0,,6.0,6.0,,0.0,0.0,,3.0,3.0,,1.0,1.0,,4.0,4.0,,3.0,3.0,,7.0,7.0,,59.0,59.0,,0.0,0.0,,1.0,1.0,,8.0,8.0,,22.0,22.0,,8.0,8.0,,29.0,37.0,,1.8,1.8,,5.6,5.6,,13.6,13.6,,10.8,10.8,,5.6,5.6,,14.8,14.8,,7.8,7.8,,0.23076923076923078,0.23076923076923078,,,,,,,,,,,0.0,0,0.0,,,,,,,,,,,,,,,,,,,,,,,,,0.0,0,0.0
2004-11-10,0.0,0.0,,0.0,0.0,,0.0,0.0,,4.0,4.0,,6.0,6.0,,11.0,11.0,,0.0,0.0,,14.0,14.0,,7.0,7.0,,0.0,0.0,,36.0,36.0,,34.0,34.0,,0.0,0.0,,0.0,0.0,,2.0,2.0,,47.0,47.0,,1.0,1.0,,1.0,1.0,,0.0,0.0,,0.0,0.0,,2.0,2.0,,15.0,15.0,,5.0,5.0,,0.0,0.0,,2.0,2.0,,1.0,1.0,,3.0,3.0,,3.0,3.0,,7.0,7.0,,57.0,57.0,,0.0,0.0,,1.0,1.0,,11.0,11.0,,21.0,21.0,,9.0,9.0,,29.0,43.0,-8.0,2.0,2.0,,6.4,6.4,,14.4,14.4,,9.8,9.8,,4.8,4.8,,14.2,14.2,,8.4,8.4,,0.23809523809523808,0.23809523809523808,,,,,,,,,,,0.0,0,0.0,,,,,,,,,,,,,,,,,,,,,,,,,0.0,0,0.0
2004-12-14,0.0,0.0,,0.0,0.0,,0.0,0.0,,4.0,4.0,,5.0,5.0,,9.0,9.0,,0.0,0.0,,13.0,13.0,,5.0,5.0,,0.0,0.0,,35.0,35.0,,27.0,27.0,,0.0,0.0,,0.0,0.0,,2.0,2.0,,44.0,44.0,,1.0,1.0,,1.0,1.0,,0.0,0.0,,0.0,0.0,,2.0,2.0,,13.0,13.0,,5.0,5.0,,0.0,0.0,,2.0,2.0,,1.0,1.0,,4.0,4.0,,3.0,3.0,,6.0,6.0,,52.0,52.0,,0.0,0.0,,1.0,1.0,,10.0,10.0,,22.0,22.0,,10.0,10.0,,34.666666666666664,35.0,-1.0,1.8,1.8,,5.4,5.4,,12.8,12.8,,9.2,9.2,,4.4,4.4,,13.2,13.2,,8.6,8.6,,0.20930232558139536,0.20930232558139536,,,,,,,,,,,0.0,0,0.0,,,,,,,,,,,,,,,,,,,,,,,,,0.0,0,0.0
2005-02-02,0.0,0.0,,0.0,0.0,,0.0,0.0,,4.0,4.0,,6.0,6.0,,10.0,10.0,,0.0,0.0,,16.0,16.0,,5.0,5.0,,0.0,0.0,,35.0,35.0,,36.0,36.0,,0.0,0.0,,0.0,0.0,,2.0,2.0,,50.0,50.0,,1.0,1.0,,1.0,1.0,,0.0,0.0,,0.0,0.0,,3.0,3.0,,18.0,18.0,,6.0,6.0,,0.0,0.0,,3.0,3.0,,1.0,1.0,,4.0,4.0,,2.0,2.0,,6.0,6.0,,63.0,63.0,,0.0,0.0,,1.0,1.0,,10.0,10.0,,26.0,26.0,,9.0,9.0,,19.0,27.0,,2.0,2.0,,6.2,6.2,,14.6,14.6,,10.4,10.4,,6.0,6.0,,15.2,15.2,,9.2,9.2,,0.2173913043478261,0.2173913043478261,,,,,,,,,,,0.0,0,0.0,,,,,,,,,,,,,,,,,,,,,,,,,0.0,0,0.0
2005-03-22,0.0,0.0,,0.0,0.0,,0.0,0.0,,4.0,4.0,,6.0,6.0,,10.0,10.0,,1.0,1.0,,14.0,14.0,,16.0,16.0,,0.0,0.0,,34.0,34.0,,39.0,39.0,,0.0,0.0,,0.0,0.0,,2.0,2.0,,53.0,53.0,,1.0,1.0,,1.0,1.0,,0.0,0.0,,0.0,0.0,,3.0,3.0,,19.0,19.0,,6.0,6.0,,0.0,0.0,,3.0,3.0,,1.0,1.0,,4.0,4.0,,3.0,3.0,,6.0,6.0,,81.0,81.0,,0.0,0.0,,1.0,1.0,,11.0,11.0,,27.0,27.0,,9.0,9.0,,34.666666666666664,37.0,,2.0,2.0,,8.2,8.2,,15.0,15.0,,11.0,11.0,,6.2,6.2,,19.0,19.0,,9.6,9.6,,0.20833333333333334,0.20833333333333334,,,,,,,,,,,0.0,0,0.0,,,,,,,,,,,,,,,,,,,,,,,,,0.0,0,0.0
2005-05-03,0.0,0.0,,0.0,0.0,,0.0,0.0,,4.0,4.0,,6.0,6.0,,9.0,9.0,,0.0,0.0,,14.0,14.0,,10.0,10.0,,0.0,0.0,,31.0,31.0,,35.0,35.0,,0.0,0.0,,0.0,0.0,,2.0,2.0,,53.0,53.0,,1.0,1.0,,1.0,1.0,,0.0,0.0,,0.0,0.0,,3.0,3.0,,17.0,17.0,,7.0,7.0,,1.0,1.0,,3.0,3.0,,1.0,1.0,,4.0,4.0,,3.0,3.0,,6.0,6.0,,66.0,66.0,,0.0,0.0,,1.0,1.0,,9.0,9.0,,24.0,24.0,,8.0,8.0,,30.666666666666668,33.0,-1.0,2.0,2.0,,6.6,6.6,,13.6,13.6,,11.0,11.0,,6.2,6.2,,16.0,16.0,,8.4,8.4,,0.23809523809523808,0.23809523809523808,,,,,,,,,,,0.0,0,0.0,,,,,,,,,,,,,,,,,,,,,,,,,0.0,0,0.0
2005-06-30,,,,,,,,,,,,,,,,,,,,,,,,,,,,,,,,,,,,,,,,,,,,,,,,,,,,,,,,,,,,,,,,,,,,,,,,,,,,,,,,,,,,,,,,,,,,,,,,,,,,,,,,,,20.666666666666668,23.0,4.0,,,,,,,,,,,,,,,,,,,,,,,,,,,,,,,,,,0.0,0,0.0,,,,,,,,,,,,,,,,,,,,,,,,,0.0,0,0.0
2005-08-09,0.0,0.0,,0.0,0.0,,0.0,0.0,,4.0,4.0,,4.0,4.0,,7.0,7.0,,1.0,1.0,,13.0,13.0,,63.0,63.0,,0.0,0.0,,29.0,29.0,,35.0,35.0,,0.0,0.0,,0.0,0.0,,2.0,2.0,,53.0,53.0,,1.0,1.0,,1.0,1.0,,0.0,0.0,,0.0,0.0,,4.0,4.0,,19.0,19.0,,7.0,7.0,,1.0,1.0,,3.0,3.0,,1.0,1.0,,4.0,4.0,,4.0,4.0,,8.0,8.0,,71.0,71.0,,0.0,0.0,,1.0,1.0,,7.0,7.0,,23.0,23.0,,8.0,8.0,,29.0,32.0,-2.0,1.6,1.6,,16.8,16.8,,13.2,13.2,,11.0,11.0,,6.8,6.8,,17.6,17.6,,7.8,7.8,,0.20512820512820515,0.20512820512820515,,,,,,,,,,,0.0,0,0.0,,,,,,,,,,,,,,,,,,,,,,,,,0.0,0,0.0
2005-09-20,0.0,0.0,,0.0,0.0,,0.0,0.0,,4.0,4.0,,4.0,4.0,,9.0,9.0,,1.0,1.0,,12.0,12.0,,100.0,100.0,,0.0,0.0,,30.0,30.0,,34.0,34.0,,0.0,0.0,,0.0,0.0,,2.0,2.0,,53.0,53.0,,1.0,1.0,,1.0,1.0,,0.0,0.0,,0.0,0.0,,3.0,3.0,,17.0,17.0,,7.0,7.0,,0.0,0.0,,2.0,2.0,,1.0,1.0,,4.0,4.0,,3.0,3.0,,14.0,14.0,,78.0,78.0,,0.0,0.0,,1.0,1.0,,7.0,7.0,,21.0,21.0,,8.0,8.0,,32.666666666666664,38.0,,1.6,1.6,,24.4,24.4,,13.2,13.2,,11.0,11.0,,5.8,5.8,,20.0,20.0,,7.4,7.4,,0.21621621621621623,0.21621621621621623,,,,,,,,,,,0.0,0,0.0,,,,,,,,,,,,,,,,,,,,,,,,,0.0,0,0.0
2005-11-01,,,,,,,,,,,,,,,,,,,,,,,,,,,,,,,,,,,,,,,,,,,,,,,,,,,,,,,,,,,,,,,,,,,,,,,,,,,,,,,,,,,,,,,,,,,,,,,,,,,,,,,,,,66.33333333333333,100.0,17.0,,,,,,,,,,,,,,,,,,,,,,,,,,,,,,,,,,0.0,0,0.0,,,,,,,,,,,,,,,,,,,,,,,,,0.0,0,0.0
2005-12-13,0.0,0.0,,0.0,0.0,,0.0,0.0,,4.0,4.0,,5.0,5.0,,8.0,8.0,,0.0,0.0,,12.0,12.0,,9.0,9.0,,0.0,0.0,,28.0,28.0,,27.0,27.0,,0.0,0.0,,0.0,0.0,,3.0,3.0,,41.0,41.0,,1.0,1.0,,1.0,1.0,,0.0,0.0,,0.0,0.0,,3.0,3.0,,11.0,11.0,,5.0,5.0,,0.0,0.0,,2.0,2.0,,1.0,1.0,,5.0,5.0,,4.0,4.0,,6.0,6.0,,48.0,48.0,,0.0,0.0,,1.0,1.0,,8.0,8.0,,20.0,20.0,,10.0,10.0,,27.0,33.0,-8.0,1.8,1.8,,5.8,5.8,,11.6,11.6,,8.6,8.6,,4.2,4.2,,12.8,12.8,,7.8,7.8,,0.23076923076923078,0.23076923076923078,,,,,,,,,,,0.0,0,0.0,,,,,,,,,,,,,,,,,,,,,,,,,0.0,0,0.0
2006-01-31,,,,,,,,,,,,,,,,,,,,,,,,,,,,,,,,,,,,,,,,,,,,,,,,,,,,,,,,,,,,,,,,,,,,,,,,,,,,,,,,,,,,,,,,,,,,,,,,,,,,,,,,,,50.333333333333336,100.0,76.0,,,,,,,,,,,,,,,,,,,,,,,,,,,,,,,,,,0.0,0,0.0,,,,,,,,,,,,,,,,,,,,,,,,,0.0,0,0.0
2006-05-10,0.0,0.0,,0.0,0.0,,0.0,0.0,,4.0,4.0,,5.0,5.0,,9.0,9.0,,1.0,1.0,,11.0,11.0,,23.0,23.0,,0.0,0.0,,29.0,29.0,,34.0,34.0,,0.0,0.0,,0.0,0.0,,3.0,3.0,,50.0,50.0,,1.0,1.0,,1.0,1.0,,0.0,0.0,,0.0,0.0,,4.0,4.0,,14.0,14.0,,6.0,6.0,,0.0,0.0,,3.0,3.0,,1.0,1.0,,4.0,4.0,,4.0,4.0,,7.0,7.0,,45.0,45.0,,0.0,0.0,,1.0,1.0,,10.0,10.0,,24.0,24.0,,8.0,8.0,,32.0,32.0,,1.8,1.8,,8.8,8.8,,13.2,13.2,,10.4,10.4,,5.4,5.4,,12.2,12.2,,8.6,8.6,,0.20930232558139536,0.20930232558139536,,,,,,,,,,,0.0,0,,0.0,0.0,,,,,-1.0,-1.0,,,,,-2.0,-2.0,,,,,1.0,1.0,,,,,0.0,0,
2006-08-08,0.0,0.0,,0.0,0.0,,0.0,0.0,,4.0,4.0,,4.0,4.0,,7.0,7.0,,0.0,0.0,,11.0,11.0,,18.0,18.0,,0.0,0.0,,25.0,25.0,,31.0,31.0,,0.0,0.0,,0.0,0.0,,3.0,3.0,,54.0,54.0,,1.0,1.0,,1.0,1.0,,0.0,0.0,,0.0,0.0,,5.0,5.0,,15.0,15.0,,6.0,6.0,,0.0,0.0,,3.0,3.0,,1.0,1.0,,5.0,5.0,,4.0,4.0,,9.0,9.0,,45.0,45.0,,0.0,0.0,,1.0,1.0,,6.0,6.0,,22.0,22.0,,9.0,9.0,,23.0,23.0,,1.6,1.6,,7.2,7.2,,11.8,11.8,,11.2,11.2,,5.8,5.8,,12.8,12.8,,7.6,7.6,,0.2105263157894737,0.2105263157894737,,,,,,,,,,,0.0,0,,0.0,0.0,,0.0,0.0,,0.0,0.0,,-3.0,-3.0,,-2.0,-2.0,,-5.0,-5.0,,0.0,0.0,,5.0,5.0,,0.0,0,
2006-09-20,0.0,0.0,,0.0,0.0,,0.0,0.0,,3.0,3.0,,4.0,4.0,,7.0,7.0,,0.0,0.0,,10.0,10.0,,25.0,25.0,,0.0,0.0,,24.0,24.0,,33.0,33.0,,0.0,0.0,,0.0,0.0,,2.0,2.0,,49.0,49.0,,1.0,1.0,,1.0,1.0,,0.0,0.0,,0.0,0.0,,5.0,5.0,,14.0,14.0,,6.0,6.0,,0.0,0.0,,2.0,2.0,,1.0,1.0,,4.0,4.0,,3.0,3.0,,8.0,8.0,,44.0,44.0,,0.0,0.0,,1.0,1.0,,7.0,7.0,,21.0,21.0,,9.0,9.0,,20.0,20.0,,1.4,1.4,,8.4,8.4,,11.8,11.8,,10.2,10.2,,5.4,5.4,,12.0,12.0,,7.6,7.6,,0.18421052631578946,0.18421052631578946,,,,,,,,,,,0.0,0,,0.0,0.0,,0.0,0.0,,0.0,0.0,,-2.0,-2.0,,2.0,2.0,,-1.0,-1.0,,-5.0,-5.0,,-1.0,-1.0,,0.0,0,
2006-12-12,0.0,0.0,,0.0,0.0,,0.0,0.0,,4.0,4.0,,4.0,4.0,,7.0,7.0,,0.0,0.0,,9.0,9.0,,6.0,6.0,,0.0,0.0,,23.0,23.0,,24.0,24.0,,0.0,0.0,,0.0,0.0,,2.0,2.0,,40.0,40.0,,1.0,1.0,,1.0,1.0,,0.0,0.0,,0.0,0.0,,3.0,3.0,,12.0,12.0,,4.0,4.0,,0.0,0.0,,2.0,2.0,,1.0,1.0,,5.0,5.0,,4.0,4.0,,7.0,7.0,,38.0,38.0,,0.0,0.0,,1.0,1.0,,9.0,9.0,,21.0,21.0,,12.0,12.0,,19.0,19.0,,1.6,1.6,,4.4,4.4,,9.8,9.8,,8.4,8.4,,4.2,4.2,,11.0,11.0,,8.6,8.6,,0.186046511627907,0.186046511627907,,,,,,,,,,,0.0,0,,0.0,0.0,,0.0,0.0,,-1.0,-1.0,,0.0,0.0,,-1.0,-1.0,,-7.0,-7.0,,-2.0,-2.0,,-14.0,-14.0,,0.0,0,
2007-03-21,0.0,0.0,,0.0,0.0,,0.0,0.0,,4.0,4.0,,5.0,5.0,,7.0,7.0,,0.0,0.0,,12.0,12.0,,10.0,10.0,,0.0,0.0,,28.0,28.0,,32.0,32.0,,0.0,0.0,,0.0,0.0,,2.0,2.0,,47.0,47.0,,1.0,1.0,,1.0,1.0,,0.0,0.0,,0.0,0.0,,5.0,5.0,,17.0,17.0,,5.0,5.0,,0.0,0.0,,3.0,3.0,,1.0,1.0,,5.0,5.0,,3.0,3.0,,7.0,7.0,,44.0,44.0,,0.0,0.0,,1.0,1.0,,13.0,13.0,,23.0,23.0,,10.0,10.0,,26.0,26.0,,1.8,1.8,,5.8,5.8,,12.4,12.4,,9.8,9.8,,6.0,6.0,,12.0,12.0,,9.4,9.4,,0.19148936170212766,0.19148936170212766,,,,,,,,,,,0.0,0,,0.0,0.0,,0.0,0.0,,0.0,0.0,,-1.0,-1.0,,3.0,3.0,,7.0,7.0,,-2.0,-2.0,,5.0,5.0,,0.0,0,
2007-05-09,0.0,0.0,,0.0,0.0,,0.0,0.0,,4.0,4.0,,4.0,4.0,,8.0,8.0,,1.0,1.0,,11.0,11.0,,33.0,33.0,,0.0,0.0,,22.0,22.0,,28.0,28.0,,0.0,0.0,,0.0,0.0,,2.0,2.0,,54.0,54.0,,1.0,1.0,,1.0,1.0,,0.0,0.0,,0.0,0.0,,4.0,4.0,,15.0,15.0,,5.0,5.0,,0.0,0.0,,3.0,3.0,,1.0,1.0,,5.0,5.0,,4.0,4.0,,9.0,9.0,,44.0,44.0,,0.0,0.0,,1.0,1.0,,9.0,9.0,,24.0,24.0,,9.0,9.0,,18.0,18.0,,1.6,1.6,,10.6,10.6,,10.4,10.4,,11.2,11.2,,5.4,5.4,,12.6,12.6,,8.6,8.6,,0.186046511627907,0.186046511627907,,,,,,,,,,,0.0,0,,0.0,0.0,,0.0,0.0,,0.0,0.0,,1.0,1.0,,-3.0,-3.0,,-3.0,-3.0,,4.0,4.0,,-1.0,-1.0,,0.0,0,
2007-08-07,0.0,0.0,,0.0,0.0,,0.0,0.0,,4.0,4.0,,3.0,3.0,,7.0,7.0,,0.0,0.0,,10.0,10.0,,8.0,8.0,,0.0,0.0,,31.0,31.0,,33.0,33.0,,0.0,0.0,,1.0,1.0,,3.0,3.0,,56.0,56.0,,1.0,1.0,,1.0,1.0,,0.0,0.0,,0.0,0.0,,6.0,6.0,,19.0,19.0,,6.0,6.0,,1.0,1.0,,3.0,3.0,,1.0,1.0,,6.0,6.0,,5.0,5.0,,10.0,10.0,,50.0,50.0,,0.0,0.0,,1.0,1.0,,12.0,12.0,,22.0,22.0,,10.0,10.0,,37.0,37.0,,1.4,1.4,,5.0,5.0,,13.6,13.6,,11.6,11.6,,7.0,7.0,,14.4,14.4,,9.0,9.0,,0.15555555555555556,0.15555555555555556,,,,,,,,,,,0.0,0,,0.0,0.0,,0.0,0.0,,1.0,1.0,,-1.0,-1.0,,2.0,2.0,,2.0,2.0,,-3.0,-3.0,,6.0,6.0,,0.0,0,
2007-08-17,0.0,0.0,,0.0,0.0,,0.0,0.0,,4.0,4.0,,3.0,3.0,,7.0,7.0,,0.0,0.0,,10.0,10.0,,8.0,8.0,,0.0,0.0,,31.0,31.0,,33.0,33.0,,0.0,0.0,,1.0,1.0,,3.0,3.0,,56.0,56.0,,1.0,1.0,,1.0,1.0,,0.0,0.0,,0.0,0.0,,6.0,6.0,,19.0,19.0,,6.0,6.0,,1.0,1.0,,3.0,3.0,,1.0,1.0,,6.0,6.0,,5.0,5.0,,10.0,10.0,,50.0,50.0,,0.0,0.0,,1.0,1.0,,12.0,12.0,,22.0,22.0,,10.0,10.0,,37.0,37.0,,1.4,1.4,,5.0,5.0,,13.6,13.6,,11.6,11.6,,7.0,7.0,,14.4,14.4,,9.0,9.0,,0.15555555555555556,0.15555555555555556,,,,,,,,,,,0.0,0,,0.0,0.0,,0.0,0.0,,1.0,1.0,,-1.0,-1.0,,2.0,2.0,,2.0,2.0,,-3.0,-3.0,,6.0,6.0,,0.0,0,
2007-09-18,0.0,0.0,,0.0,0.0,,0.0,0.0,,4.0,4.0,,4.0,4.0,,7.0,7.0,,0.0,0.0,,9.0,9.0,,7.0,7.0,,0.0,0.0,,33.0,33.0,,38.0,38.0,,0.0,0.0,,3.0,3.0,,3.0,3.0,,53.0,53.0,,1.0,1.0,,1.0,1.0,,0.0,0.0,,0.0,0.0,,5.0,5.0,,19.0,19.0,,5.0,5.0,,0.0,0.0,,2.0,2.0,,1.0,1.0,,5.0,5.0,,5.0,5.0,,10.0,10.0,,44.0,44.0,,0.0,0.0,,1.0,1.0,,9.0,9.0,,21.0,21.0,,10.0,10.0,,46.0,46.0,,1.6,1.6,,4.6,4.6,,15.4,15.4,,11.0,11.0,,6.2,6.2,,13.0,13.0,,8.2,8.2,,0.19512195121951223,0.19512195121951223,,,,,,,,,,,0.0,0,,0.0,0.0,,0.0,0.0,,0.0,0.0,,-1.0,-1.0,,5.0,5.0,,10.0,10.0,,-3.0,-3.0,,-1.0,-1.0,,0.0,0,
2007-12-11,0.0,0.0,,0.0,0.0,,0.0,0.0,,4.0,4.0,,4.0,4.0,,8.0,8.0,,0.0,0.0,,9.0,9.0,,7.0,7.0,,0.0,0.0,,29.0,29.0,,29.0,29.0,,0.0,0.0,,3.0,3.0,,3.0,3.0,,44.0,44.0,,1.0,1.0,,1.0,1.0,,0.0,0.0,,0.0,0.0,,4.0,4.0,,16.0,16.0,,5.0,5.0,,0.0,0.0,,2.0,2.0,,1.0,1.0,,7.0,7.0,,5.0,5.0,,8.0,8.0,,39.0,39.0,,0.0,0.0,,1.0,1.0,,10.0,10.0,,18.0,18.0,,11.0,11.0,,28.0,28.0,,1.6,1.6,,4.8,4.8,,12.8,12.8,,9.2,9.2,,5.4,5.4,,12.0,12.0,,8.0,8.0,,0.2,0.2,,,,,,,,,,,0.0,0,,0.0,0.0,,0.0,0.0,,-1.0,-1.0,,1.0,1.0,,0.0,0.0,,-4.0,-4.0,,-5.0,-5.0,,-12.0,-12.0,,0.0,0,
2008-01-22,2.0,2.0,,0.0,0.0,,0.0,0.0,,6.0,6.0,,4.0,4.0,,10.0,10.0,,0.0,0.0,,11.0,11.0,,9.0,9.0,,0.0,0.0,,41.0,41.0,,65.0,65.0,,0.0,0.0,,6.0,6.0,,4.0,4.0,,61.0,61.0,,1.0,1.0,,1.0,1.0,,0.0,0.0,,0.0,0.0,,5.0,5.0,,53.0,53.0,,5.0,5.0,,0.0,0.0,,3.0,3.0,,1.0,1.0,,6.0,6.0,,4.0,4.0,,11.0,11.0,,55.0,55.0,,0.0,0.0,,1.0,1.0,,16.0,16.0,,22.0,22.0,,13.0,13.0,,57.0,57.0,,2.4,2.4,,6.0,6.0,,23.2,23.2,,12.6,12.6,,13.2,13.2,,15.4,15.4,,10.4,10.4,,0.23076923076923075,0.23076923076923075,,,,,,,,,,,0.0,0,,2.0,2.0,,2.0,2.0,,2.0,2.0,,3.0,3.0,,36.0,36.0,,27.0,27.0,,17.0,17.0,,8.0,8.0,,0.0,0,
2008-03-18,1.0,1.0,,0.0,0.0,,0.0,0.0,,5.0,5.0,,5.0,5.0,,11.0,11.0,,1.0,1.0,,10.0,10.0,,22.0,22.0,,0.0,0.0,,40.0,40.0,,55.0,55.0,,0.0,0.0,,4.0,4.0,,3.0,3.0,,58.0,58.0,,1.0,1.0,,1.0,1.0,,0.0,0.0,,0.0,0.0,,4.0,4.0,,41.0,41.0,,6.0,6.0,,0.0,0.0,,3.0,3.0,,1.0,1.0,,6.0,6.0,,4.0,4.0,,10.0,10.0,,51.0,51.0,,0.0,0.0,,1.0,1.0,,13.0,13.0,,22.0,22.0,,10.0,10.0,,48.0,48.0,,2.2,2.2,,8.8,8.8,,20.4,20.4,,12.0,12.0,,10.8,10.8,,14.4,14.4,,9.2,9.2,,0.23913043478260873,0.23913043478260873,,,,,,,,,,,0.0,0,,0.0,0.0,,1.0,1.0,,1.0,1.0,,2.0,2.0,,4.0,4.0,,26.0,26.0,,4.0,4.0,,9.0,9.0,,0.0,0,
2008-08-05,1.0,1.0,,0.0,0.0,,0.0,0.0,,6.0,6.0,,3.0,3.0,,8.0,8.0,,0.0,0.0,,8.0,8.0,,22.0,22.0,,0.0,0.0,,18.0,18.0,,24.0,24.0,,0.0,0.0,,0.0,0.0,,1.0,1.0,,60.0,60.0,,2.0,2.0,,1.0,1.0,,0.0,0.0,,0.0,0.0,,3.0,3.0,,13.0,13.0,,5.0,5.0,,0.0,0.0,,3.0,3.0,,1.0,1.0,,7.0,7.0,,6.0,6.0,,14.0,14.0,,55.0,55.0,,0.0,0.0,,1.0,1.0,,7.0,7.0,,19.0,19.0,,9.0,9.0,,17.0,17.0,,2.0,2.0,,7.6,7.6,,8.6,8.6,,12.6,12.6,,4.8,4.8,,16.6,16.6,,7.2,7.2,,0.2777777777777778,0.2777777777777778,,,,,,,,,,,0.0,0,,0.0,0.0,,0.0,0.0,,-1.0,-1.0,,-4.0,-4.0,,-8.0,-8.0,,-16.0,-16.0,,-2.0,-2.0,,1.0,1.0,,0.0,0,
2008-09-16,1.0,1.0,,0.0,0.0,,0.0,0.0,,7.0,7.0,,5.0,5.0,,9.0,9.0,,1.0,1.0,,8.0,8.0,,43.0,43.0,,0.0,0.0,,36.0,36.0,,35.0,35.0,,0.0,0.0,,0.0,0.0,,1.0,1.0,,68.0,68.0,,2.0,2.0,,1.0,1.0,,0.0,0.0,,0.0,0.0,,4.0,4.0,,26.0,26.0,,6.0,6.0,,0.0,0.0,,3.0,3.0,,1.0,1.0,,6.0,6.0,,5.0,5.0,,23.0,23.0,,73.0,73.0,,0.0,0.0,,2.0,2.0,,25.0,25.0,,21.0,21.0,,13.0,13.0,,100.0,100.0,,2.6,2.6,,12.2,12.2,,14.4,14.4,,14.2,14.2,,7.8,7.8,,21.6,21.6,,12.2,12.2,,0.21311475409836067,0.21311475409836067,,,,,,,,,,,0.0,0,,0.0,0.0,,0.0,0.0,,1.0,1.0,,-2.0,-2.0,,11.0,11.0,,2.0,2.0,,8.0,8.0,,7.0,7.0,,0.0,0,
2008-10-08,2.0,2.0,,1.0,1.0,,1.0,1.0,,8.0,8.0,,6.0,6.0,,11.0,11.0,,0.0,0.0,,9.0,9.0,,43.0,43.0,,0.0,0.0,,40.0,40.0,,42.0,42.0,,0.0,0.0,,2.0,2.0,,2.0,2.0,,64.0,64.0,,2.0,2.0,,1.0,1.0,,0.0,0.0,,0.0,0.0,,4.0,4.0,,28.0,28.0,,6.0,6.0,,0.0,0.0,,3.0,3.0,,1.0,1.0,,7.0,7.0,,5.0,5.0,,20.0,20.0,,70.0,70.0,,1.0,1.0,,3.0,3.0,,43.0,43.0,,22.0,22.0,,17.0,17.0,,80.0,80.0,,3.6,3.6,,12.6,12.6,,17.2,17.2,,13.4,13.4,,8.2,8.2,,20.6,20.6,,17.2,17.2,,0.20930232558139536,0.20930232558139536,,,,,,,,,,,0.0,0,,1.0,1.0,,2.0,2.0,,2.0,2.0,,1.0,1.0,,7.0,7.0,,8.0,8.0,,-4.0,-4.0,,-1.0,-1.0,,0.0,0,
2008-12-16,2.0,2.0,,0.0,0.0,,2.0,2.0,,12.0,12.0,,5.0,5.0,,8.0,8.0,,0.0,0.0,,6.0,6.0,,21.0,21.0,,0.0,0.0,,32.0,32.0,,55.0,55.0,,0.0,0.0,,2.0,2.0,,2.0,2.0,,60.0,60.0,,2.0,2.0,,1.0,1.0,,0.0,0.0,,0.0,0.0,,3.0,3.0,,75.0,75.0,,5.0,5.0,,0.0,0.0,,3.0,3.0,,1.0,1.0,,9.0,9.0,,5.0,5.0,,17.0,17.0,,75.0,75.0,,0.0,0.0,,1.0,1.0,,15.0,15.0,,16.0,16.0,,11.0,11.0,,37.0,37.0,,4.2,4.2,,7.0,7.0,,18.2,18.2,,12.6,12.6,,17.2,17.2,,21.4,21.4,,8.6,8.6,,0.48837209302325585,0.48837209302325585,,,,,,,,,,,0.0,0,,1.0,1.0,,1.0,1.0,,-1.0,-1.0,,0.0,0.0,,22.0,22.0,,31.0,31.0,,-2.0,-2.0,,0.0,0.0,,0.0,0,
2009-03-18,1.0,1.0,,0.0,0.0,,2.0,2.0,,14.0,14.0,,6.0,6.0,,10.0,10.0,,0.0,0.0,,7.0,7.0,,8.0,8.0,,0.0,0.0,,36.0,36.0,,44.0,44.0,,0.0,0.0,,0.0,0.0,,1.0,1.0,,70.0,70.0,,2.0,2.0,,1.0,1.0,,0.0,0.0,,0.0,0.0,,3.0,3.0,,53.0,53.0,,5.0,5.0,,0.0,0.0,,4.0,4.0,,1.0,1.0,,7.0,7.0,,3.0,3.0,,22.0,22.0,,84.0,84.0,,0.0,0.0,,2.0,2.0,,19.0,19.0,,19.0,19.0,,11.0,11.0,,85.0,85.0,,4.6,4.6,,5.0,5.0,,16.2,16.2,,14.6,14.6,,13.0,13.0,,23.4,23.4,,10.2,10.2,,0.45098039215686275,0.45098039215686275,,,,,,,,,,,0.0,0,,-1.0,-1.0,,0.0,0.0,,1.0,1.0,,1.0,1.0,,-2.0,-2.0,,11.0,11.0,,2.0,2.0,,8.0,8.0,,0.0,0,
2009-08-12,1.0,1.0,,0.0,0.0,,1.0,1.0,,13.0,13.0,,3.0,3.0,,6.0,6.0,,0.0,0.0,,7.0,7.0,,7.0,7.0,,0.0,0.0,,21.0,21.0,,31.0,31.0,,0.0,0.0,,0.0,0.0,,1.0,1.0,,72.0,72.0,,2.0,2.0,,1.0,1.0,,0.0,0.0,,0.0,0.0,,2.0,2.0,,23.0,23.0,,5.0,5.0,,0.0,0.0,,4.0,4.0,,1.0,1.0,,9.0,9.0,,5.0,5.0,,28.0,28.0,,80.0,80.0,,0.0,0.0,,1.0,1.0,,8.0,8.0,,19.0,19.0,,10.0,10.0,,59.0,59.0,,3.6,3.6,,4.0,4.0,,10.6,10.6,,15.0,15.0,,6.8,6.8,,24.6,24.6,,7.6,7.6,,0.4736842105263158,0.4736842105263158,,,,,,,,1.2188322665808256,1.2188322665808256,,0.0,0,,0.0,0.0,,0.0,0.0,,0.0,0.0,,-3.0,-3.0,,-1.0,-1.0,,-8.0,-8.0,,1.0,1.0,,9.0,9.0,,0.0,0,
2009-11-04,1.0,1.0,,0.0,0.0,,1.0,1.0,,15.0,15.0,,5.0,5.0,,8.0,8.0,,0.0,0.0,,7.0,7.0,,6.0,6.0,,0.0,0.0,,26.0,26.0,,26.0,26.0,,0.0,0.0,,0.0,0.0,,1.0,1.0,,63.0,63.0,,2.0,2.0,,1.0,1.0,,0.0,0.0,,0.0,0.0,,2.0,2.0,,17.0,17.0,,5.0,5.0,,0.0,0.0,,3.0,3.0,,1.0,1.0,,9.0,9.0,,4.0,4.0,,26.0,26.0,,72.0,72.0,,0.0,0.0,,1.0,1.0,,10.0,10.0,,18.0,18.0,,11.0,11.0,,33.0,33.0,,4.4,4.4,,4.2,4.2,,10.6,10.6,,13.2,13.2,,5.4,5.4,,22.4,22.4,,8.0,8.0,,0.55,0.55,,,,,,,,-0.11175992516050764,-0.11175992516050764,,0.0,0,,0.0,0.0,,0.0,0.0,,0.0,0.0,,2.0,2.0,,-3.0,-3.0,,-6.0,-6.0,,-5.0,-5.0,,-8.0,-8.0,,0.0,0,
2009-12-16,1.0,1.0,,0.0,0.0,,0.0,0.0,,14.0,14.0,,4.0,4.0,,7.0,7.0,,0.0,0.0,,6.0,6.0,,6.0,6.0,,0.0,0.0,,23.0,23.0,,23.0,23.0,,0.0,0.0,,0.0,0.0,,1.0,1.0,,57.0,57.0,,2.0,2.0,,1.0,1.0,,0.0,0.0,,0.0,0.0,,2.0,2.0,,18.0,18.0,,4.0,4.0,,0.0,0.0,,3.0,3.0,,1.0,1.0,,13.0,13.0,,5.0,5.0,,22.0,22.0,,65.0,65.0,,0.0,0.0,,1.0,1.0,,8.0,8.0,,17.0,17.0,,11.0,11.0,,91.0,91.0,,3.8,3.8,,3.8,3.8,,9.4,9.4,,12.0,12.0,,5.4,5.4,,21.2,21.2,,7.4,7.4,,0.5135135135135135,0.5135135135135135,,,,,,,,2.5674719018003973,2.5674719018003973,,1.0,1,,0.0,0.0,,0.0,0.0,,-1.0,-1.0,,1.0,1.0,,-3.0,-3.0,,-8.0,-8.0,,-6.0,-6.0,,-15.0,-15.0,,0.0,0,
2010-03-16,1.0,1.0,,0.0,0.0,,1.0,1.0,,15.0,15.0,,5.0,5.0,,9.0,9.0,,0.0,0.0,,7.0,7.0,,7.0,7.0,,0.0,0.0,,23.0,23.0,,28.0,28.0,,0.0,0.0,,0.0,0.0,,1.0,1.0,,70.0,70.0,,2.0,2.0,,1.0,1.0,,0.0,0.0,,0.0,0.0,,2.0,2.0,,19.0,19.0,,5.0,5.0,,0.0,0.0,,4.0,4.0,,1.0,1.0,,11.0,11.0,,3.0,3.0,,23.0,23.0,,69.0,69.0,,0.0,0.0,,2.0,2.0,,10.0,10.0,,23.0,23.0,,12.0,12.0,,27.0,27.0,,4.4,4.4,,4.6,4.6,,10.4,10.4,,14.6,14.6,,6.0,6.0,,21.4,21.4,,9.4,9.4,,0.46808510638297873,0.46808510638297873,,,,,,,,-0.5318135898736367,-0.5318135898736367,,0.0,0,,0.0,0.0,,0.0,0.0,,1.0,1.0,,1.0,1.0,,1.0,1.0,,2.0,2.0,,4.0,4.0,,7.0,7.0,,0.0,0,
2010-08-10,0.0,0.0,,0.0,0.0,,0.0,0.0,,12.0,12.0,,3.0,3.0,,6.0,6.0,,0.0,0.0,,7.0,7.0,,6.0,6.0,,0.0,0.0,,16.0,16.0,,24.0,24.0,,0.0,0.0,,0.0,0.0,,1.0,1.0,,68.0,68.0,,2.0,2.0,,1.0,1.0,,0.0,0.0,,0.0,0.0,,2.0,2.0,,28.0,28.0,,4.0,4.0,,0.0,0.0,,3.0,3.0,,1.0,1.0,,13.0,13.0,,6.0,6.0,,30.0,30.0,,63.0,63.0,,0.0,0.0,,1.0,1.0,,6.0,6.0,,18.0,18.0,,10.0,10.0,,29.0,29.0,,3.0,3.0,,3.8,3.8,,8.2,8.2,,14.2,14.2,,7.4,7.4,,22.6,22.6,,7.0,7.0,,0.42857142857142855,0.42857142857142855,,0.9803983835899079,0.9803983835899079,,-1.3630589241261928,-1.3630589241261928,,-0.36082812604156794,-0.36082812604156794,,0.0,0,,0.0,0.0,,-1.0,-1.0,,1.0,1.0,,-2.0,-2.0,,0.0,0.0,,-4.0,-4.0,,3.0,3.0,,-1.0,-1.0,,0.0,0,
2010-09-21,1.0,1.0,,0.0,0.0,,0.0,0.0,,11.0,11.0,,3.0,3.0,,6.0,6.0,,0.0,0.0,,6.0,6.0,,5.0,5.0,,0.0,0.0,,17.0,17.0,,23.0,23.0,,0.0,0.0,,0.0,0.0,,1.0,1.0,,64.0,64.0,,2.0,2.0,,1.0,1.0,,0.0,0.0,,0.0,0.0,,2.0,2.0,,19.0,19.0,,3.0,3.0,,0.0,0.0,,3.0,3.0,,1.0,1.0,,12.0,12.0,,5.0,5.0,,27.0,27.0,,59.0,59.0,,0.0,0.0,,1.0,1.0,,7.0,7.0,,17.0,17.0,,9.0,9.0,,25.0,25.0,,3.0,3.0,,3.4,3.4,,8.2,8.2,,13.4,13.4,,5.4,5.4,,20.8,20.8,,6.8,6.8,,0.4411764705882353,0.4411764705882353,,0.5894152729395198,0.5894152729395198,,-1.3097873904528947,-1.3097873904528947,,-0.5585645793675631,-0.5585645793675631,,0.0,0,,1.0,1.0,,1.0,1.0,,0.0,0.0,,-2.0,-2.0,,-1.0,-1.0,,-2.0,-2.0,,-4.0,-4.0,,-7.0,-7.0,,0.0,0,
2010-11-03,0.0,0.0,,0.0,0.0,,0.0,0.0,,11.0,11.0,,4.0,4.0,,9.0,9.0,,0.0,0.0,,6.0,6.0,,7.0,7.0,,0.0,0.0,,25.0,25.0,,24.0,24.0,,0.0,0.0,,0.0,0.0,,2.0,2.0,,57.0,57.0,,2.0,2.0,,1.0,1.0,,0.0,0.0,,0.0,0.0,,2.0,2.0,,22.0,22.0,,4.0,4.0,,0.0,0.0,,3.0,3.0,,1.0,1.0,,12.0,12.0,,4.0,4.0,,24.0,24.0,,56.0,56.0,,0.0,0.0,,1.0,1.0,,9.0,9.0,,16.0,16.0,,10.0,10.0,,64.0,64.0,,3.0,3.0,,4.4,4.4,,10.2,10.2,,12.0,12.0,,6.2,6.2,,19.4,19.4,,7.2,7.2,,0.41666666666666663,0.41666666666666663,,0.2541884310230821,0.2541884310230821,,-0.6222271973474676,-0.6222271973474676,,1.389039599806262,1.389039599806262,,0.0,0,,0.0,0.0,,0.0,0.0,,1.0,1.0,,4.0,4.0,,0.0,0.0,,0.0,0.0,,-3.0,-3.0,,-8.0,-8.0,,0.0,0,
2010-12-14,0.0,0.0,,0.0,0.0,,0.0,0.0,,14.0,14.0,,3.0,3.0,,7.0,7.0,,0.0,0.0,,6.0,6.0,,9.0,9.0,,0.0,0.0,,21.0,21.0,,24.0,24.0,,0.0,0.0,,0.0,0.0,,1.0,1.0,,50.0,50.0,,2.0,2.0,,1.0,1.0,,0.0,0.0,,0.0,0.0,,1.0,1.0,,18.0,18.0,,3.0,3.0,,0.0,0.0,,3.0,3.0,,1.0,1.0,,14.0,14.0,,5.0,5.0,,22.0,22.0,,50.0,50.0,,0.0,0.0,,1.0,1.0,,9.0,9.0,,16.0,16.0,,10.0,10.0,,61.0,61.0,,3.4,3.4,,4.4,4.4,,9.2,9.2,,10.6,10.6,,5.0,5.0,,18.4,18.4,,7.2,7.2,,0.4722222222222222,0.4722222222222222,,0.0242849543602563,0.0242849543602563,,-0.913080274427359,-0.913080274427359,,1.1884219270834642,1.1884219270834642,,0.0,0,,0.0,0.0,,0.0,0.0,,-2.0,-2.0,,1.0,1.0,,0.0,0.0,,0.0,0.0,,-7.0,-7.0,,-18.0,-18.0,,0.0,0,
2011-03-15,0.0,0.0,,0.0,0.0,,0.0,0.0,,11.0,11.0,,5.0,5.0,,9.0,9.0,,1.0,1.0,,7.0,7.0,,29.0,29.0,,0.0,0.0,,22.0,22.0,,24.0,24.0,,0.0,0.0,,0.0,0.0,,1.0,1.0,,68.0,68.0,,3.0,3.0,,1.0,1.0,,0.0,0.0,,0.0,0.0,,2.0,2.0,,15.0,15.0,,4.0,4.0,,0.0,0.0,,4.0,4.0,,1.0,1.0,,15.0,15.0,,4.0,4.0,,27.0,27.0,,59.0,59.0,,1.0,1.0,,1.0,1.0,,11.0,11.0,,21.0,21.0,,13.0,13.0,,33.0,33.0,,3.2,3.2,,9.2,9.2,,9.4,9.4,,14.4,14.4,,5.0,5.0,,21.2,21.2,,9.4,9.4,,0.3404255319148936,0.3404255319148936,,0.5062833682335649,0.5062833682335649,,-0.8022860133159339,-0.8022860133159339,,-0.2605512761710028,-0.2605512761710028,,0.0,0,,0.0,0.0,,0.0,0.0,,0.0,0.0,,0.0,0.0,,-1.0,-1.0,,0.0,0.0,,2.0,2.0,,11.0,11.0,,0.0,0,
2011-06-22,0.0,0.0,,0.0,0.0,,0.0,0.0,,11.0,11.0,,4.0,4.0,,7.0,7.0,,0.0,0.0,,7.0,7.0,,18.0,18.0,,0.0,0.0,,21.0,21.0,,21.0,21.0,,0.0,0.0,,0.0,0.0,,1.0,1.0,,74.0,74.0,,4.0,4.0,,1.0,1.0,,0.0,0.0,,0.0,0.0,,3.0,3.0,,15.0,15.0,,4.0,4.0,,0.0,0.0,,4.0,4.0,,2.0,2.0,,19.0,19.0,,6.0,6.0,,36.0,36.0,,59.0,59.0,,0.0,0.0,,1.0,1.0,,7.0,7.0,,20.0,20.0,,10.0,10.0,,56.0,56.0,,3.0,3.0,,6.4,6.4,,8.6,8.6,,15.8,15.8,,5.2,5.2,,24.4,24.4,,7.6,7.6,,0.39473684210526316,0.39473684210526316,,1.1407478654798668,1.1407478654798668,,-1.004720417040597,-1.004720417040597,,0.8143371924347602,0.8143371924347602,,0.0,0,,0.0,0.0,,0.0,0.0,,-1.0,-1.0,,-2.0,-2.0,,-1.0,-1.0,,-4.0,-4.0,,1.0,1.0,,8.0,8.0,,0.0,0,
2011-08-09,1.0,1.0,,0.0,0.0,,0.0,0.0,,11.0,11.0,,4.0,4.0,,7.0,7.0,,0.0,0.0,,7.0,7.0,,14.0,14.0,,0.0,0.0,,22.0,22.0,,29.0,29.0,,0.0,0.0,,0.0,0.0,,2.0,2.0,,78.0,78.0,,3.0,3.0,,1.0,1.0,,0.0,0.0,,0.0,0.0,,2.0,2.0,,28.0,28.0,,4.0,4.0,,0.0,0.0,,4.0,4.0,,2.0,2.0,,20.0,20.0,,6.0,6.0,,40.0,40.0,,58.0,58.0,,1.0,1.0,,1.0,1.0,,22.0,22.0,,19.0,19.0,,13.0,13.0,,96.0,96.0,,3.2,3.2,,5.6,5.6,,10.6,10.6,,16.4,16.4,,7.6,7.6,,25.2,25.2,,11.2,11.2,,0.28571428571428575,0.28571428571428575,,1.2547816207537048,1.2547816207537048,,-0.3715142838186971,-0.3715142838186971,,2.618340114606828,2.618340114606828,,1.0,1,,1.0,1.0,,1.0,1.0,,1.0,1.0,,-3.0,-3.0,,7.0,7.0,,5.0,5.0,,6.0,6.0,,10.0,10.0,,0.0,0,
2011-09-21,1.0,1.0,,0.0,0.0,,0.0,0.0,,11.0,11.0,,4.0,4.0,,7.0,7.0,,0.0,0.0,,7.0,7.0,,12.0,12.0,,0.0,0.0,,20.0,20.0,,23.0,23.0,,0.0,0.0,,0.0,0.0,,1.0,1.0,,72.0,72.0,,3.0,3.0,,1.0,1.0,,0.0,0.0,,0.0,0.0,,2.0,2.0,,22.0,22.0,,4.0,4.0,,0.0,0.0,,4.0,4.0,,2.0,2.0,,19.0,19.0,,5.0,5.0,,40.0,40.0,,57.0,57.0,,0.0,0.0,,1.0,1.0,,10.0,10.0,,17.0,17.0,,10.0,10.0,,51.0,51.0,,3.2,3.2,,5.2,5.2,,8.8,8.8,,15.2,15.2,,6.4,6.4,,24.6,24.6,,7.6,7.6,,0.4210526315789474,0.4210526315789474,,1.076333049330869,1.076333049330869,,-0.8918439145952208,-0.8918439145952208,,0.4221878958686302,0.4221878958686302,,0.0,0,,0.0,0.0,,1.0,1.0,,0.0,0.0,,-1.0,-1.0,,-6.0,-6.0,,1.0,1.0,,-6.0,-6.0,,-1.0,-1.0,,0.0,0,
2011-11-02,0.0,0.0,,0.0,0.0,,0.0,0.0,,11.0,11.0,,4.0,4.0,,7.0,7.0,,0.0,0.0,,7.0,7.0,,9.0,9.0,,0.0,0.0,,22.0,22.0,,20.0,20.0,,0.0,0.0,,0.0,0.0,,1.0,1.0,,62.0,62.0,,3.0,3.0,,1.0,1.0,,0.0,0.0,,0.0,0.0,,2.0,2.0,,16.0,16.0,,3.0,3.0,,0.0,0.0,,6.0,6.0,,1.0,1.0,,20.0,20.0,,5.0,5.0,,32.0,32.0,,56.0,56.0,,0.0,0.0,,1.0,1.0,,10.0,10.0,,16.0,16.0,,9.0,9.0,,42.0,42.0,,3.0,3.0,,4.6,4.6,,8.6,8.6,,13.2,13.2,,5.4,5.4,,22.8,22.8,,7.2,7.2,,0.41666666666666663,0.41666666666666663,,0.5707968136719509,0.5707968136719509,,-0.9220163956660775,-0.9220163956660775,,-0.07306196193035198,-0.07306196193035198,,0.0,0,,0.0,0.0,,0.0,0.0,,-1.0,-1.0,,1.0,1.0,,-4.0,-4.0,,-2.0,-2.0,,-38.0,-38.0,,-10.0,-10.0,,0.0,0,
2011-12-13,0.0,0.0,,0.0,0.0,,0.0,0.0,,11.0,11.0,,4.0,4.0,,7.0,7.0,,0.0,0.0,,6.0,6.0,,9.0,9.0,,0.0,0.0,,21.0,21.0,,19.0,19.0,,0.0,0.0,,0.0,0.0,,1.0,1.0,,57.0,57.0,,3.0,3.0,,1.0,1.0,,0.0,0.0,,0.0,0.0,,1.0,1.0,,13.0,13.0,,3.0,3.0,,0.0,0.0,,6.0,6.0,,1.0,1.0,,24.0,24.0,,6.0,6.0,,29.0,29.0,,49.0,49.0,,0.0,0.0,,1.0,1.0,,9.0,9.0,,16.0,16.0,,10.0,10.0,,39.0,39.0,,3.0,3.0,,4.4,4.4,,8.2,8.2,,12.2,12.2,,4.6,4.6,,21.8,21.8,,7.2,7.2,,0.41666666666666663,0.41666666666666663,,0.27654909415014345,0.27654909415014345,,-1.001477294272192,-1.001477294272192,,-0.2271040109502161,-0.2271040109502161,,0.0,0,,0.0,0.0,,-1.0,-1.0,,0.0,0.0,,0.0,0.0,,-1.0,-1.0,,-10.0,-10.0,,-5.0,-5.0,,-21.0,-21.0,,0.0,0,
2012-03-13,0.0,0.0,,0.0,0.0,,0.0,0.0,,10.0,10.0,,4.0,4.0,,8.0,8.0,,0.0,0.0,,6.0,6.0,,24.0,24.0,,0.0,0.0,,19.0,19.0,,23.0,23.0,,0.0,0.0,,0.0,0.0,,1.0,1.0,,63.0,63.0,,3.0,3.0,,1.0,1.0,,0.0,0.0,,0.0,0.0,,2.0,2.0,,16.0,16.0,,4.0,4.0,,0.0,0.0,,5.0,5.0,,1.0,1.0,,20.0,20.0,,4.0,4.0,,30.0,30.0,,52.0,52.0,,1.0,1.0,,1.0,1.0,,9.0,9.0,,19.0,19.0,,11.0,11.0,,45.0,45.0,,2.8,2.8,,7.6,7.6,,8.6,8.6,,13.4,13.4,,5.4,5.4,,21.4,21.4,,8.2,8.2,,0.34146341463414637,0.34146341463414637,,0.020307523013434872,0.020307523013434872,,-0.8021437470222035,-0.8021437470222035,,0.07454401240697918,0.07454401240697918,,0.0,0,,0.0,0.0,,0.0,0.0,,0.0,0.0,,1.0,1.0,,-1.0,-1.0,,3.0,3.0,,-2.0,-2.0,,1.0,1.0,,0.0,0,
2012-06-20,0.0,0.0,,0.0,0.0,,0.0,0.0,,10.0,10.0,,3.0,3.0,,6.0,6.0,,0.0,0.0,,6.0,6.0,,16.0,16.0,,0.0,0.0,,16.0,16.0,,24.0,24.0,,0.0,0.0,,0.0,0.0,,1.0,1.0,,69.0,69.0,,4.0,4.0,,2.0,2.0,,0.0,0.0,,0.0,0.0,,2.0,2.0,,19.0,19.0,,3.0,3.0,,0.0,0.0,,5.0,5.0,,2.0,2.0,,25.0,25.0,,6.0,6.0,,35.0,35.0,,51.0,51.0,,0.0,0.0,,1.0,1.0,,7.0,7.0,,19.0,19.0,,10.0,10.0,,35.0,35.0,,2.6,2.6,,5.6,5.6,,8.2,8.2,,15.0,15.0,,5.8,5.8,,23.8,23.8,,7.4,7.4,,0.35135135135135137,0.35135135135135137,,0.7352708041709186,0.7352708041709186,,-0.8926155140029703,-0.8926155140029703,,-0.41679393077649884,-0.41679393077649884,,0.0,0,,0.0,0.0,,0.0,0.0,,-1.0,-1.0,,-2.0,-2.0,,1.0,1.0,,0.0,0.0,,-1.0,-1.0,,4.0,4.0,,0.0,0,
2012-09-13,0.0,0.0,,0.0,0.0,,0.0,0.0,,10.0,10.0,,4.0,4.0,,7.0,7.0,,0.0,0.0,,6.0,6.0,,15.0,15.0,,0.0,0.0,,20.0,20.0,,23.0,23.0,,0.0,0.0,,0.0,0.0,,1.0,1.0,,69.0,69.0,,4.0,4.0,,1.0,1.0,,0.0,0.0,,0.0,0.0,,2.0,2.0,,18.0,18.0,,4.0,4.0,,0.0,0.0,,5.0,5.0,,2.0,2.0,,24.0,24.0,,5.0,5.0,,44.0,44.0,,48.0,48.0,,0.0,0.0,,1.0,1.0,,7.0,7.0,,17.0,17.0,,10.0,10.0,,73.0,73.0,,2.8,2.8,,5.6,5.6,,8.8,8.8,,14.8,14.8,,5.8,5.8,,24.6,24.6,,7.0,7.0,,0.39999999999999997,0.39999999999999997,,0.9681281810636623,0.9681281810636623,,-0.6142624566025982,-0.6142624566025982,,1.4743378267948604,1.4743378267948604,,0.0,0,,0.0,0.0,,0.0,0.0,,2.0,2.0,,0.0,0.0,,2.0,2.0,,0.0,0.0,,-3.0,-3.0,,-1.0,-1.0,,0.0,0,
2012-12-12,0.0,0.0,,0.0,0.0,,0.0,0.0,,11.0,11.0,,4.0,4.0,,7.0,7.0,,0.0,0.0,,5.0,5.0,,9.0,9.0,,0.0,0.0,,16.0,16.0,,18.0,18.0,,0.0,0.0,,0.0,0.0,,1.0,1.0,,50.0,50.0,,3.0,3.0,,1.0,1.0,,0.0,0.0,,0.0,0.0,,1.0,1.0,,12.0,12.0,,3.0,3.0,,0.0,0.0,,4.0,4.0,,1.0,1.0,,25.0,25.0,,6.0,6.0,,28.0,28.0,,38.0,38.0,,0.0,0.0,,1.0,1.0,,7.0,7.0,,16.0,16.0,,11.0,11.0,,29.0,29.0,,3.0,3.0,,4.2,4.2,,7.0,7.0,,10.8,10.8,,4.0,4.0,,19.6,19.6,,7.0,7.0,,0.42857142857142855,0.42857142857142855,,-1.7829605123104029,-1.7829605123104029,,-1.2221317765380721,-1.2221317765380721,,-0.7770397973350853,-0.7770397973350853,,0.0,0,,0.0,0.0,,0.0,0.0,,-1.0,-1.0,,2.0,2.0,,-1.0,-1.0,,-3.0,-3.0,,-9.0,-9.0,,-22.0,-22.0,,0.0,0,
2013-03-20,0.0,0.0,,0.0,0.0,,0.0,0.0,,8.0,8.0,,4.0,4.0,,8.0,8.0,,0.0,0.0,,7.0,7.0,,10.0,10.0,,0.0,0.0,,16.0,16.0,,23.0,23.0,,0.0,0.0,,0.0,0.0,,1.0,1.0,,62.0,62.0,,3.0,3.0,,1.0,1.0,,0.0,0.0,,0.0,0.0,,2.0,2.0,,15.0,15.0,,4.0,4.0,,0.0,0.0,,5.0,5.0,,1.0,1.0,,21.0,21.0,,4.0,4.0,,30.0,30.0,,41.0,41.0,,1.0,1.0,,1.0,1.0,,9.0,9.0,,20.0,20.0,,12.0,12.0,,31.0,31.0,,2.4,2.4,,5.0,5.0,,8.0,8.0,,13.2,13.2,,5.2,5.2,,19.4,19.4,,8.6,8.6,,0.27906976744186046,0.27906976744186046,,-1.844773823560245,-1.844773823560245,,-0.7740486882750816,-0.7740486882750816,,-0.61191425935246,-0.61191425935246,,0.0,0,,0.0,0.0,,0.0,0.0,,0.0,0.0,,0.0,0.0,,0.0,0.0,,4.0,4.0,,-2.0,-2.0,,3.0,3.0,,0.0,0,
2013-06-19,0.0,0.0,,0.0,0.0,,0.0,0.0,,8.0,8.0,,3.0,3.0,,6.0,6.0,,0.0,0.0,,6.0,6.0,,12.0,12.0,,0.0,0.0,,14.0,14.0,,35.0,35.0,,0.0,0.0,,0.0,0.0,,2.0,2.0,,68.0,68.0,,4.0,4.0,,2.0,2.0,,0.0,0.0,,0.0,0.0,,2.0,2.0,,26.0,26.0,,4.0,4.0,,0.0,0.0,,5.0,5.0,,2.0,2.0,,25.0,25.0,,7.0,7.0,,32.0,32.0,,35.0,35.0,,0.0,0.0,,1.0,1.0,,8.0,8.0,,18.0,18.0,,11.0,11.0,,64.0,64.0,,2.2,2.2,,4.8,4.8,,10.2,10.2,,14.8,14.8,,7.4,7.4,,20.2,20.2,,7.6,7.6,,0.2894736842105263,0.2894736842105263,,-1.2106804625104863,-1.2106804625104863,,0.4669595070579435,0.4669595070579435,,1.2535284887704274,1.2535284887704274,,0.0,0,,0.0,0.0,,0.0,0.0,,-1.0,-1.0,,-2.0,-2.0,,10.0,10.0,,12.0,12.0,,1.0,1.0,,4.0,4.0,,0.0,0,
2013-09-18,0.0,0.0,,0.0,0.0,,0.0,0.0,,8.0,8.0,,4.0,4.0,,7.0,7.0,,0.0,0.0,,6.0,6.0,,8.0,8.0,,0.0,0.0,,15.0,15.0,,25.0,25.0,,0.0,0.0,,0.0,0.0,,2.0,2.0,,66.0,66.0,,4.0,4.0,,1.0,1.0,,0.0,0.0,,0.0,0.0,,1.0,1.0,,17.0,17.0,,3.0,3.0,,0.0,0.0,,5.0,5.0,,2.0,2.0,,24.0,24.0,,6.0,6.0,,39.0,39.0,,33.0,33.0,,1.0,1.0,,2.0,2.0,,10.0,10.0,,18.0,18.0,,11.0,11.0,,42.0,42.0,,2.4,2.4,,4.2,4.2,,8.4,8.4,,14.2,14.2,,5.2,5.2,,20.8,20.8,,8.4,8.4,,0.2857142857142857,0.2857142857142857,,-0.8613142538358473,-0.8613142538358473,,-0.604592390073136,-0.604592390073136,,0.039393635845523516,0.039393635845523516,,0.0,0,,0.0,0.0,,0.0,0.0,,1.0,1.0,,0.0,0.0,,0.0,0.0,,0.0,0.0,,-10.0,-10.0,,-1.0,-1.0,,0.0,0,
2013-12-18,0.0,0.0,,0.0,0.0,,0.0,0.0,,10.0,10.0,,4.0,4.0,,8.0,8.0,,0.0,0.0,,7.0,7.0,,7.0,7.0,,0.0,0.0,,18.0,18.0,,19.0,19.0,,0.0,0.0,,0.0,0.0,,2.0,2.0,,57.0,57.0,,3.0,3.0,,1.0,1.0,,0.0,0.0,,0.0,0.0,,1.0,1.0,,10.0,10.0,,3.0,3.0,,0.0,0.0,,5.0,5.0,,2.0,2.0,,28.0,28.0,,6.0,6.0,,28.0,28.0,,30.0,30.0,,1.0,1.0,,2.0,2.0,,10.0,10.0,,18.0,18.0,,13.0,13.0,,28.0,28.0,,2.8,2.8,,4.4,4.4,,7.8,7.8,,12.2,12.2,,3.8,3.8,,18.8,18.8,,8.8,8.8,,0.3181818181818181,0.3181818181818181,,-1.798919987989556,-1.798919987989556,,-1.1746147377955904,-1.1746147377955904,,-0.773600856408432,-0.773600856408432,,0.0,0,,0.0,0.0,,0.0,0.0,,0.0,0.0,,2.0,2.0,,0.0,0.0,,-6.0,-6.0,,-4.0,-4.0,,-19.0,-19.0,,0.0,0,
2014-03-19,0.0,0.0,,0.0,0.0,,0.0,0.0,,10.0,10.0,,5.0,5.0,,8.0,8.0,,0.0,0.0,,7.0,7.0,,8.0,8.0,,0.0,0.0,,16.0,16.0,,21.0,21.0,,0.0,0.0,,0.0,0.0,,1.0,1.0,,66.0,66.0,,4.0,4.0,,1.0,1.0,,0.0,0.0,,0.0,0.0,,1.0,1.0,,12.0,12.0,,4.0,4.0,,0.0,0.0,,6.0,6.0,,2.0,2.0,,23.0,23.0,,4.0,4.0,,28.0,28.0,,34.0,34.0,,1.0,1.0,,2.0,2.0,,11.0,11.0,,20.0,20.0,,13.0,13.0,,33.666666666666664,68.0,,3.0,3.0,,4.6,4.6,,7.6,7.6,,14.2,14.2,,4.6,4.6,,18.2,18.2,,9.4,9.4,,0.3191489361702127,0.3191489361702127,,,,,,,,,,,0.0,0,0.0,,,,,,,,,,,,,,,,,,,,,,,,,0.0,0,0.0
2014-04-30,,,,,,,,,,,,,,,,,,,,,,,,,,,,,,,,,,,,,,,,,,,,,,,,,,,,,,,,,,,,,,,,,,,,,,,,,,,,,,,,,,,,,,,,,,,,,,,,,,,,,,,,,,18.333333333333332,22.0,-5.0,,,,,,,,,,,,,,,,,,,,,,,,,,,,,,,,,,0.0,0,0.0,,,,,,,,,,,,,,,,,,,,,,,,,0.0,0,0.0
2014-06-18,0.0,0.0,,0.0,0.0,,0.0,0.0,,7.0,7.0,,3.0,3.0,,7.0,7.0,,0.0,0.0,,8.0,8.0,,9.0,9.0,,0.0,0.0,,12.0,12.0,,19.0,19.0,,0.0,0.0,,0.0,0.0,,1.0,1.0,,71.0,71.0,,5.0,5.0,,1.0,1.0,,0.0,0.0,,0.0,0.0,,2.0,2.0,,11.0,11.0,,4.0,4.0,,0.0,0.0,,6.0,6.0,,2.0,2.0,,25.0,25.0,,5.0,5.0,,29.0,29.0,,34.0,34.0,,1.0,1.0,,1.0,1.0,,7.0,7.0,,20.0,20.0,,12.0,12.0,,14.333333333333334,25.0,15.0,2.0,2.0,,4.8,4.8,,6.4,6.4,,15.4,15.4,,4.6,4.6,,19.0,19.0,,8.2,8.2,,0.24390243902439027,0.24390243902439027,,,,,,,,,,,0.0,0,0.0,,,,,,,,,,,,,,,,,,,,,,,,,0.0,0,0.0
2014-07-30,,,,,,,,,,,,,,,,,,,,,,,,,,,,,,,,,,,,,,,,,,,,,,,,,,,,,,,,,,,,,,,,,,,,,,,,,,,,,,,,,,,,,,,,,,,,,,,,,,,,,,,,,,28.0,53.0,-40.0,,,,,,,,,,,,,,,,,,,,,,,,,,,,,,,,,,0.0,0,0.0,,,,,,,,,,,,,,,,,,,,,,,,,0.0,0,0.0
2014-09-17,0.0,0.0,,0.0,0.0,,0.0,0.0,,6.0,6.0,,4.0,4.0,,8.0,8.0,,0.0,0.0,,7.0,7.0,,7.0,7.0,,0.0,0.0,,14.0,14.0,,19.0,19.0,,0.0,0.0,,0.0,0.0,,1.0,1.0,,66.0,66.0,,4.0,4.0,,1.0,1.0,,0.0,0.0,,0.0,0.0,,1.0,1.0,,9.0,9.0,,3.0,3.0,,0.0,0.0,,5.0,5.0,,2.0,2.0,,23.0,23.0,,5.0,5.0,,30.0,30.0,,31.0,31.0,,1.0,1.0,,1.0,1.0,,9.0,9.0,,19.0,19.0,,12.0,12.0,,18.666666666666668,32.0,21.0,2.0,2.0,,4.4,4.4,,6.8,6.8,,14.2,14.2,,3.6,3.6,,18.2,18.2,,8.4,8.4,,0.23809523809523808,0.23809523809523808,,,,,,,,,,,0.0,0,0.0,,,,,,,,,,,,,,,,,,,,,,,,,0.0,0,0.0
2014-10-29,,,,,,,,,,,,,,,,,,,,,,,,,,,,,,,,,,,,,,,,,,,,,,,,,,,,,,,,,,,,,,,,,,,,,,,,,,,,,,,,,,,,,,,,,,,,,,,,,,,,,,,,,,22.0,24.0,-2.0,,,,,,,,,,,,,,,,,,,,,,,,,,,,,,,,,,0.0,0,0.0,,,,,,,,,,,,,,,,,,,,,,,,,0.0,0,0.0
2014-12-17,0.0,0.0,,0.0,0.0,,0.0,0.0,,6.0,6.0,,4.0,4.0,,8.0,8.0,,0.0,0.0,,6.0,6.0,,20.0,20.0,,0.0,0.0,,15.0,15.0,,18.0,18.0,,0.0,0.0,,0.0,0.0,,1.0,1.0,,53.0,53.0,,3.0,3.0,,1.0,1.0,,0.0,0.0,,0.0,0.0,,1.0,1.0,,10.0,10.0,,3.0,3.0,,0.0,0.0,,4.0,4.0,,1.0,1.0,,25.0,25.0,,5.0,5.0,,23.0,23.0,,28.0,28.0,,1.0,1.0,,2.0,2.0,,12.0,12.0,,18.0,18.0,,14.0,14.0,,18.0,31.0,20.0,2.0,2.0,,6.8,6.8,,6.8,6.8,,11.4,11.4,,3.6,3.6,,16.4,16.4,,9.4,9.4,,0.2127659574468085,0.2127659574468085,,,,,,,,,,,0.0,0,0.0,,,,,,,,,,,,,,,,,,,,,,,,,0.0,0,0.0
2015-01-28,,,,,,,,,,,,,,,,,,,,,,,,,,,,,,,,,,,,,,,,,,,,,,,,,,,,,,,,,,,,,,,,,,,,,,,,,,,,,,,,,,,,,,,,,,,,,,,,,,,,,,,,,,9.666666666666666,12.0,2.0,,,,,,,,,,,,,,,,,,,,,,,,,,,,,,,,,,0.0,0,0.0,,,,,,,,,,,,,,,,,,,,,,,,,0.0,0,0.0
2015-03-18,0.0,0.0,,0.0,0.0,,0.0,0.0,,6.0,6.0,,5.0,5.0,,8.0,8.0,,0.0,0.0,,8.0,8.0,,9.0,9.0,,0.0,0.0,,17.0,17.0,,27.0,27.0,,0.0,0.0,,0.0,0.0,,2.0,2.0,,65.0,65.0,,4.0,4.0,,1.0,1.0,,0.0,0.0,,0.0,0.0,,1.0,1.0,,14.0,14.0,,4.0,4.0,,0.0,0.0,,6.0,6.0,,2.0,2.0,,23.0,23.0,,3.0,3.0,,24.0,24.0,,33.0,33.0,,1.0,1.0,,2.0,2.0,,11.0,11.0,,22.0,22.0,,14.0,14.0,,33.0,61.0,41.0,2.2,2.2,,5.0,5.0,,9.2,9.2,,14.0,14.0,,5.0,5.0,,17.0,17.0,,10.0,10.0,,0.22000000000000003,0.22000000000000003,,,,,,,,,,,0.0,0,0.0,,,,0.0,0.0,,,,,0.0,0.0,,,,,4.0,4.0,,,,,5.0,5.0,,0.0,0,0.0
2015-04-29,,,,,,,,,,,,,,,,,,,,,,,,,,,,,,,,,,,,,,,,,,,,,,,,,,,,,,,,,,,,,,,,,,,,,,,,,,,,,,,,,,,,,,,,,,,,,,,,,,,,,,,,,,14.666666666666666,18.0,-2.0,,,,,,,,,,,,,,,,,,,,,,,,,,,,,,,,,,0.0,0,0.0,,,,,,,,,,,,,,,,,,,,,,,,,0.0,0,0.0
2015-06-17,0.0,0.0,,0.0,0.0,,0.0,0.0,,5.0,5.0,,4.0,4.0,,7.0,7.0,,0.0,0.0,,7.0,7.0,,8.0,8.0,,0.0,0.0,,13.0,13.0,,24.0,24.0,,0.0,0.0,,0.0,0.0,,1.0,1.0,,69.0,69.0,,5.0,5.0,,1.0,1.0,,0.0,0.0,,0.0,0.0,,2.0,2.0,,14.0,14.0,,3.0,3.0,,0.0,0.0,,6.0,6.0,,2.0,2.0,,27.0,27.0,,5.0,5.0,,27.0,27.0,,36.0,36.0,,1.0,1.0,,1.0,1.0,,10.0,10.0,,21.0,21.0,,13.0,13.0,,19.666666666666668,37.0,24.0,1.8,1.8,,4.4,4.4,,7.6,7.6,,15.0,15.0,,5.0,5.0,,19.4,19.4,,9.2,9.2,,0.1956521739130435,0.1956521739130435,,,,,,,,,,,0.0,0,0.0,,,,,,,,,,,,,,,,,,,,,,,,,0.0,0,0.0
2015-07-29,,,,,,,,,,,,,,,,,,,,,,,,,,,,,,,,,,,,,,,,,,,,,,,,,,,,,,,,,,,,,,,,,,,,,,,,,,,,,,,,,,,,,,,,,,,,,,,,,,,,,,,,,,21.666666666666668,39.0,-26.0,,,,,,,,,,,,,,,,,,,,,,,,,,,,,,,,,,0.0,0,0.0,,,,,,,,,,,,,,,,,,,,,,,,,0.0,0,0.0
2015-09-17,0.0,0.0,,0.0,0.0,,1.0,1.0,,5.0,5.0,,4.0,4.0,,8.0,8.0,,0.0,0.0,,7.0,7.0,,11.0,11.0,,0.0,0.0,,19.0,19.0,,29.0,29.0,,3.0,3.0,,0.0,0.0,,3.0,3.0,,68.0,68.0,,4.0,4.0,,1.0,1.0,,0.0,0.0,,0.0,0.0,,2.0,2.0,,11.0,11.0,,3.0,3.0,,0.0,0.0,,5.0,5.0,,2.0,2.0,,26.0,26.0,,5.0,5.0,,29.0,29.0,,33.0,33.0,,1.0,1.0,,1.0,1.0,,17.0,17.0,,19.0,19.0,,12.0,12.0,,36.0,83.0,70.0,2.0,2.0,,5.2,5.2,,10.8,10.8,,14.6,14.6,,4.2,4.2,,19.0,19.0,,10.0,10.0,,0.2,0.2,,,,,,,,,,,0.0,0,0.0,,,,,,,,,,,,,,,,,,,,,,,,,0.0,0,0.0
2015-10-28,,,,,,,,,,,,,,,,,,,,,,,,,,,,,,,,,,,,,,,,,,,,,,,,,,,,,,,,,,,,,,,,,,,,,,,,,,,,,,,,,,,,,,,,,,,,,,,,,,,,,,,,,,14.333333333333334,17.0,4.0,,,,,,,,,,,,,,,,,,,,,,,,,,,,,,,,,,0.0,0,0.0,,,,,,,,,,,,,,,,,,,,,,,,,0.0,0,0.0
2015-12-16,0.0,0.0,,0.0,0.0,,0.0,0.0,,5.0,5.0,,4.0,4.0,,9.0,9.0,,0.0,0.0,,6.0,6.0,,9.0,9.0,,0.0,0.0,,18.0,18.0,,30.0,30.0,,4.0,4.0,,0.0,0.0,,2.0,2.0,,53.0,53.0,,3.0,3.0,,1.0,1.0,,0.0,0.0,,0.0,0.0,,1.0,1.0,,9.0,9.0,,3.0,3.0,,0.0,0.0,,5.0,5.0,,2.0,2.0,,28.0,28.0,,4.0,4.0,,23.0,23.0,,28.0,28.0,,1.0,1.0,,1.0,1.0,,11.0,11.0,,19.0,19.0,,13.0,13.0,,52.333333333333336,80.0,26.0,1.8,1.8,,4.8,4.8,,10.8,10.8,,11.4,11.4,,3.6,3.6,,17.0,17.0,,9.0,9.0,,0.2,0.2,,,,,,,,,,,0.0,0,0.0,,,,,,,,,,,,,,,,,,,,,,,,,0.0,0,0.0
2016-01-27,,,,,,,,,,,,,,,,,,,,,,,,,,,,,,,,,,,,,,,,,,,,,,,,,,,,,,,,,,,,,,,,,,,,,,,,,,,,,,,,,,,,,,,,,,,,,,,,,,,,,,,,,,12.333333333333334,18.0,8.0,,,,,,,,,,,,,,,,,,,,,,,,,,,,,,,,,,0.0,0,0.0,,,,,,,,,,,,,,,,,,,,,,,,,0.0,0,0.0
2016-03-16,0.0,0.0,,0.0,0.0,,1.0,1.0,,5.0,5.0,,5.0,5.0,,9.0,9.0,,0.0,0.0,,7.0,7.0,,8.0,8.0,,0.0,0.0,,17.0,17.0,,23.0,23.0,,0.0,0.0,,0.0,0.0,,1.0,1.0,,64.0,64.0,,4.0,4.0,,1.0,1.0,,0.0,0.0,,0.0,0.0,,2.0,2.0,,11.0,11.0,,4.0,4.0,,0.0,0.0,,6.0,6.0,,2.0,2.0,,28.0,28.0,,4.0,4.0,,24.0,24.0,,37.0,37.0,,1.0,1.0,,2.0,2.0,,13.0,13.0,,22.0,22.0,,12.0,12.0,,18.0,25.0,6.0,2.2,2.2,,4.8,4.8,,8.2,8.2,,13.8,13.8,,4.6,4.6,,19.0,19.0,,10.0,10.0,,0.22000000000000003,0.22000000000000003,,,,,,,,,,,0.0,0,0.0,,,,,,,,,,,,,,,,,,,,,,,,,0.0,0,0.0
2016-04-27,,,,,,,,,,,,,,,,,,,,,,,,,,,,,,,,,,,,,,,,,,,,,,,,,,,,,,,,,,,,,,,,,,,,,,,,,,,,,,,,,,,,,,,,,,,,,,,,,,,,,,,,,,18.333333333333332,24.0,-7.0,,,,,,,,,,,,,,,,,,,,,,,,,,,,,,,,,,0.0,0,0.0,,,,,,,,,,,,,,,,,,,,,,,,,0.0,0,0.0
2016-06-15,0.0,0.0,,0.0,0.0,,0.0,0.0,,5.0,5.0,,4.0,4.0,,6.0,6.0,,0.0,0.0,,7.0,7.0,,7.0,7.0,,0.0,0.0,,12.0,12.0,,22.0,22.0,,0.0,0.0,,0.0,0.0,,1.0,1.0,,69.0,69.0,,5.0,5.0,,1.0,1.0,,0.0,0.0,,0.0,0.0,,2.0,2.0,,14.0,14.0,,3.0,3.0,,0.0,0.0,,6.0,6.0,,2.0,2.0,,34.0,34.0,,6.0,6.0,,25.0,25.0,,36.0,36.0,,0.0,0.0,,1.0,1.0,,14.0,14.0,,19.0,19.0,,12.0,12.0,,27.666666666666668,39.0,18.0,1.8,1.8,,4.0,4.0,,7.0,7.0,,15.0,15.0,,5.0,5.0,,20.6,20.6,,9.2,9.2,,0.1956521739130435,0.1956521739130435,,,,,,,,,,,0.0,0,0.0,,,,,,,,,,,,,,,,,,,,,,,,,0.0,0,0.0
2016-07-27,,,,,,,,,,,,,,,,,,,,,,,,,,,,,,,,,,,,,,,,,,,,,,,,,,,,,,,,,,,,,,,,,,,,,,,,,,,,,,,,,,,,,,,,,,,,,,,,,,,,,,,,,,9.333333333333334,13.0,4.0,,,,,,,,,,,,,,,,,,,,,,,,,,,,,,,,,,0.0,0,0.0,,,,,,,,,,,,,,,,,,,,,,,,,0.0,0,0.0
2016-09-21,0.0,0.0,,0.0,0.0,,0.0,0.0,,4.0,4.0,,5.0,5.0,,7.0,7.0,,0.0,0.0,,6.0,6.0,,8.0,8.0,,0.0,0.0,,13.0,13.0,,23.0,23.0,,1.0,1.0,,0.0,0.0,,2.0,2.0,,63.0,63.0,,4.0,4.0,,1.0,1.0,,0.0,0.0,,0.0,0.0,,2.0,2.0,,11.0,11.0,,3.0,3.0,,0.0,0.0,,5.0,5.0,,2.0,2.0,,32.0,32.0,,5.0,5.0,,26.0,26.0,,35.0,35.0,,1.0,1.0,,1.0,1.0,,10.0,10.0,,19.0,19.0,,11.0,11.0,,22.333333333333332,37.0,,1.8,1.8,,4.2,4.2,,7.8,7.8,,13.6,13.6,,4.2,4.2,,20.0,20.0,,8.4,8.4,,0.21428571428571427,0.21428571428571427,,,,,,,,,,,0.0,0,0.0,,,,,,,,,,,,,,,,,,,,,,,,,0.0,0,0.0
2016-11-02,0.0,0.0,,0.0,0.0,,0.0,0.0,,5.0,5.0,,5.0,5.0,,9.0,9.0,,0.0,0.0,,6.0,6.0,,6.0,6.0,,0.0,0.0,,18.0,18.0,,29.0,29.0,,1.0,1.0,,0.0,0.0,,1.0,1.0,,60.0,60.0,,4.0,4.0,,1.0,1.0,,0.0,0.0,,0.0,0.0,,2.0,2.0,,15.0,15.0,,3.0,3.0,,0.0,0.0,,6.0,6.0,,2.0,2.0,,29.0,29.0,,5.0,5.0,,24.0,24.0,,32.0,32.0,,1.0,1.0,,2.0,2.0,,24.0,24.0,,18.0,18.0,,12.0,12.0,,11.333333333333334,13.0,,2.0,2.0,,4.2,4.2,,9.8,9.8,,13.0,13.0,,5.2,5.2,,18.4,18.4,,11.4,11.4,,0.17543859649122806,0.17543859649122806,,,,,,,,,,,0.0,0,0.0,,,,,,,,,,,,,,,,,,,,,,,,,0.0,0,0.0
2016-12-14,0.0,0.0,,0.0,0.0,,0.0,0.0,,5.0,5.0,,5.0,5.0,,8.0,8.0,,0.0,0.0,,6.0,6.0,,6.0,6.0,,0.0,0.0,,17.0,17.0,,29.0,29.0,,2.0,2.0,,0.0,0.0,,2.0,2.0,,54.0,54.0,,4.0,4.0,,1.0,1.0,,0.0,0.0,,0.0,0.0,,2.0,2.0,,13.0,13.0,,3.0,3.0,,0.0,0.0,,6.0,6.0,,2.0,2.0,,34.0,34.0,,7.0,7.0,,21.0,21.0,,30.0,30.0,,1.0,1.0,,2.0,2.0,,12.0,12.0,,18.0,18.0,,13.0,13.0,,30.333333333333332,60.0,43.0,2.0,2.0,,4.0,4.0,,10.0,10.0,,11.8,11.8,,4.8,4.8,,18.8,18.8,,9.2,9.2,,0.2173913043478261,0.2173913043478261,,,,,,,,,,,0.0,0,0.0,,,,,,,,,,,,,,,,,,,,,,,,,0.0,0,0.0
2017-02-01,,,,,,,,,,,,,,,,,,,,,,,,,,,,,,,,,,,,,,,,,,,,,,,,,,,,,,,,,,,,,,,,,,,,,,,,,,,,,,,,,,,,,,,,,,,,,,,,,,,,,,,,,,17.333333333333332,23.0,-6.0,,,,,,,,,,,,,,,,,,,,,,,,,,,,,,,,,,0.0,0,0.0,,,,,,,,,,,,,,,,,,,,,,,,,0.0,0,0.0
2017-03-15,0.0,0.0,,0.0,0.0,,0.0,0.0,,5.0,5.0,,5.0,5.0,,9.0,9.0,,0.0,0.0,,7.0,7.0,,6.0,6.0,,0.0,0.0,,17.0,17.0,,32.0,32.0,,2.0,2.0,,0.0,0.0,,2.0,2.0,,65.0,65.0,,4.0,4.0,,1.0,1.0,,0.0,0.0,,0.0,0.0,,2.0,2.0,,13.0,13.0,,3.0,3.0,,0.0,0.0,,7.0,7.0,,2.0,2.0,,26.0,26.0,,4.0,4.0,,21.0,21.0,,36.0,36.0,,1.0,1.0,,2.0,2.0,,13.0,13.0,,22.0,22.0,,14.0,14.0,,34.666666666666664,49.0,12.0,2.0,2.0,,4.4,4.4,,10.6,10.6,,14.0,14.0,,5.0,5.0,,17.8,17.8,,10.4,10.4,,0.1923076923076923,0.1923076923076923,,,,,,,,,,,0.0,0,0.0,,,,,,,,,,,,,,,,,,,,,,,,,0.0,0,0.0
2017-05-03,0.0,0.0,,0.0,0.0,,0.0,0.0,,4.0,4.0,,5.0,5.0,,8.0,8.0,,0.0,0.0,,7.0,7.0,,6.0,6.0,,0.0,0.0,,14.0,14.0,,23.0,23.0,,0.0,0.0,,0.0,0.0,,1.0,1.0,,70.0,70.0,,5.0,5.0,,1.0,1.0,,0.0,0.0,,0.0,0.0,,2.0,2.0,,12.0,12.0,,4.0,4.0,,0.0,0.0,,7.0,7.0,,2.0,2.0,,33.0,33.0,,6.0,6.0,,23.0,23.0,,38.0,38.0,,1.0,1.0,,2.0,2.0,,11.0,11.0,,22.0,22.0,,12.0,12.0,,17.666666666666668,23.0,,1.8,1.8,,4.2,4.2,,7.6,7.6,,15.2,15.2,,5.0,5.0,,20.4,20.4,,9.6,9.6,,0.1875,0.1875,,,,,,,,,,,0.0,0,0.0,,,,,,,,,,,,,,,,,,,,,,,,,0.0,0,0.0
2017-06-14,0.0,0.0,,0.0,0.0,,0.0,0.0,,4.0,4.0,,4.0,4.0,,6.0,6.0,,0.0,0.0,,7.0,7.0,,7.0,7.0,,0.0,0.0,,11.0,11.0,,24.0,24.0,,1.0,1.0,,0.0,0.0,,1.0,1.0,,69.0,69.0,,5.0,5.0,,1.0,1.0,,0.0,0.0,,0.0,0.0,,2.0,2.0,,12.0,12.0,,4.0,4.0,,0.0,0.0,,7.0,7.0,,3.0,3.0,,36.0,36.0,,6.0,6.0,,26.0,26.0,,36.0,36.0,,1.0,1.0,,2.0,2.0,,11.0,11.0,,21.0,21.0,,12.0,12.0,,15.333333333333334,24.0,12.0,1.6,1.6,,4.0,4.0,,7.4,7.4,,15.0,15.0,,5.0,5.0,,21.4,21.4,,9.4,9.4,,0.1702127659574468,0.1702127659574468,,,,,,,,,,,0.0,0,0.0,,,,,,,,,,,,,,,,,,,,,,,,,0.0,0,0.0
2017-07-26,,,,,,,,,,,,,,,,,,,,,,,,,,,,,,,,,,,,,,,,,,,,,,,,,,,,,,,,,,,,,,,,,,,,,,,,,,,,,,,,,,,,,,,,,,,,,,,,,,,,,,,,,,21.666666666666668,47.0,-37.0,,,,,,,,,,,,,,,,,,,,,,,,,,,,,,,,,,0.0,0,0.0,,,,,,,,,,,,,,,,,,,,,,,,,0.0,0,0.0
2017-09-20,0.0,0.0,,0.0,0.0,,0.0,0.0,,4.0,4.0,,4.0,4.0,,7.0,7.0,,0.0,0.0,,6.0,6.0,,12.0,12.0,,0.0,0.0,,12.0,12.0,,22.0,22.0,,0.0,0.0,,0.0,0.0,,1.0,1.0,,68.0,68.0,,5.0,5.0,,1.0,1.0,,0.0,0.0,,0.0,0.0,,2.0,2.0,,10.0,10.0,,3.0,3.0,,0.0,0.0,,6.0,6.0,,2.0,2.0,,32.0,32.0,,6.0,6.0,,34.0,34.0,,34.0,34.0,,1.0,1.0,,2.0,2.0,,10.0,10.0,,20.0,20.0,,12.0,12.0,,19.333333333333332,32.0,,1.6,1.6,,5.0,5.0,,7.0,7.0,,14.8,14.8,,4.2,4.2,,21.6,21.6,,9.0,9.0,,0.17777777777777778,0.17777777777777778,,,,,,,,,,,0.0,0,0.0,,,,,,,,,,,,,,,,,,,,,,,,,0.0,0,0.0
2017-11-01,,,,,,,,,,,,,,,,,,,,,,,,,,,,,,,,,,,,,,,,,,,,,,,,,,,,,,,,,,,,,,,,,,,,,,,,,,,,,,,,,,,,,,,,,,,,,,,,,,,,,,,,,,34.0,60.0,39.0,,,,,,,,,,,,,,,,,,,,,,,,,,,,,,,,,,0.0,0,0.0,,,,,,,,,,,,,,,,,,,,,,,,,0.0,0,0.0
2017-12-13,0.0,0.0,,0.0,0.0,,0.0,0.0,,5.0,5.0,,5.0,5.0,,8.0,8.0,,0.0,0.0,,6.0,6.0,,7.0,7.0,,0.0,0.0,,14.0,14.0,,21.0,21.0,,1.0,1.0,,0.0,0.0,,1.0,1.0,,57.0,57.0,,4.0,4.0,,1.0,1.0,,0.0,0.0,,0.0,0.0,,2.0,2.0,,8.0,8.0,,3.0,3.0,,0.0,0.0,,6.0,6.0,,2.0,2.0,,35.0,35.0,,6.0,6.0,,22.0,22.0,,27.0,27.0,,2.0,2.0,,3.0,3.0,,14.0,14.0,,23.0,23.0,,14.0,14.0,,22.333333333333332,35.0,14.0,2.0,2.0,,4.2,4.2,,7.4,7.4,,12.4,12.4,,3.8,3.8,,18.4,18.4,,11.2,11.2,,0.17857142857142858,0.17857142857142858,,,,,,,,,,,0.0,0,0.0,,,,,,,,,,,,,,,,,,,,,,,,,0.0,0,0.0
2018-01-31,,,,,,,,,,,,,,,,,,,,,,,,,,,,,,,,,,,,,,,,,,,,,,,,,,,,,,,,,,,,,,,,,,,,,,,,,,,,,,,,,,,,,,,,,,,,,,,,,,,,,,,,,,24.0,50.0,43.0,,,,,,,,,,,,,,,,,,,,,,,,,,,,,,,,,,0.0,0,0.0,,,,,,,,,,,,,,,,,,,,,,,,,0.0,0,0.0
2018-03-21,0.0,0.0,,0.0,0.0,,0.0,0.0,,4.0,4.0,,5.0,5.0,,9.0,9.0,,0.0,0.0,,7.0,7.0,,7.0,7.0,,0.0,0.0,,15.0,15.0,,30.0,30.0,,1.0,1.0,,0.0,0.0,,1.0,1.0,,69.0,69.0,,5.0,5.0,,1.0,1.0,,0.0,0.0,,0.0,0.0,,3.0,3.0,,13.0,13.0,,3.0,3.0,,0.0,0.0,,7.0,7.0,,2.0,2.0,,31.0,31.0,,4.0,4.0,,21.0,21.0,,38.0,38.0,,1.0,1.0,,2.0,2.0,,20.0,20.0,,22.0,22.0,,15.0,15.0,,4.0,4.0,,1.8,1.8,,4.6,4.6,,9.4,9.4,,15.0,15.0,,5.2,5.2,,19.2,19.2,,12.0,12.0,,0.15,0.15,,,,,,,,,,,0.0,0,,0.0,0.0,,,,,-2.0,-2.0,,,,,-3.0,-3.0,,,,,4.0,4.0,,,,,0.0,0,
2018-05-02,0.0,0.0,,0.0,0.0,,0.0,0.0,,4.0,4.0,,5.0,5.0,,9.0,9.0,,1.0,1.0,,7.0,7.0,,16.0,16.0,,0.0,0.0,,14.0,14.0,,28.0,28.0,,0.0,0.0,,0.0,0.0,,1.0,1.0,,72.0,72.0,,6.0,6.0,,1.0,1.0,,0.0,0.0,,0.0,0.0,,3.0,3.0,,13.0,13.0,,4.0,4.0,,0.0,0.0,,7.0,7.0,,2.0,2.0,,32.0,32.0,,6.0,6.0,,21.0,21.0,,31.0,31.0,,1.0,1.0,,2.0,2.0,,13.0,13.0,,21.0,21.0,,13.0,13.0,,1.0,1.0,,1.8,1.8,,6.6,6.6,,8.6,8.6,,15.8,15.8,,5.4,5.4,,18.4,18.4,,10.0,10.0,,0.18,0.18,,,,,,,,,,,0.0,0,,0.0,0.0,,,,,-1.0,-1.0,,,,,-1.0,-1.0,,,,,2.0,2.0,,,,,0.0,0,
2018-06-13,0.0,0.0,,0.0,0.0,,0.0,0.0,,4.0,4.0,,5.0,5.0,,7.0,7.0,,0.0,0.0,,8.0,8.0,,10.0,10.0,,0.0,0.0,,10.0,10.0,,28.0,28.0,,1.0,1.0,,0.0,0.0,,1.0,1.0,,73.0,73.0,,6.0,6.0,,1.0,1.0,,0.0,0.0,,0.0,0.0,,3.0,3.0,,12.0,12.0,,4.0,4.0,,0.0,0.0,,7.0,7.0,,3.0,3.0,,36.0,36.0,,6.0,6.0,,23.0,23.0,,30.0,30.0,,1.0,1.0,,2.0,2.0,,13.0,13.0,,23.0,23.0,,13.0,13.0,,1.0,1.0,,1.8,1.8,,5.0,5.0,,8.0,8.0,,16.0,16.0,,5.2,5.2,,19.6,19.6,,10.4,10.4,,0.17307692307692307,0.17307692307692307,,,,,,,,,,,0.0,0,,0.0,0.0,,0.0,0.0,,-2.0,-2.0,,-4.0,-4.0,,0.0,0.0,,-5.0,-5.0,,1.0,1.0,,8.0,8.0,,0.0,0,
2018-11-08,0.0,0.0,,0.0,0.0,,1.0,1.0,,4.0,4.0,,5.0,5.0,,9.0,9.0,,0.0,0.0,,7.0,7.0,,10.0,10.0,,0.0,0.0,,16.0,16.0,,26.0,26.0,,1.0,1.0,,0.0,0.0,,1.0,1.0,,62.0,62.0,,5.0,5.0,,1.0,1.0,,0.0,0.0,,0.0,0.0,,3.0,3.0,,9.0,9.0,,3.0,3.0,,0.0,0.0,,6.0,6.0,,2.0,2.0,,29.0,29.0,,6.0,6.0,,22.0,22.0,,29.0,29.0,,1.0,1.0,,2.0,2.0,,20.0,20.0,,19.0,19.0,,14.0,14.0,,5.0,5.0,,2.0,2.0,,5.2,5.2,,8.8,8.8,,13.6,13.6,,4.2,4.2,,17.6,17.6,,11.2,11.2,,0.17857142857142858,0.17857142857142858,,,,,,,,,,,0.0,0,,0.0,0.0,,0.0,0.0,,0.0,0.0,,2.0,2.0,,-6.0,-6.0,,0.0,0.0,,-7.0,-7.0,,-11.0,-11.0,,0.0,0,
2018-12-19,1.0,1.0,,0.0,0.0,,0.0,0.0,,5.0,5.0,,5.0,5.0,,9.0,9.0,,0.0,0.0,,6.0,6.0,,12.0,12.0,,0.0,0.0,,20.0,20.0,,30.0,30.0,,2.0,2.0,,0.0,0.0,,2.0,2.0,,57.0,57.0,,5.0,5.0,,1.0,1.0,,0.0,0.0,,0.0,0.0,,3.0,3.0,,10.0,10.0,,3.0,3.0,,0.0,0.0,,6.0,6.0,,2.0,2.0,,34.0,34.0,,6.0,6.0,,21.0,21.0,,29.0,29.0,,1.0,1.0,,2.0,2.0,,33.0,33.0,,20.0,20.0,,14.0,14.0,,9.0,9.0,,2.2,2.2,,5.4,5.4,,10.8,10.8,,12.6,12.6,,4.4,4.4,,18.4,18.4,,14.0,14.0,,0.15714285714285717,0.15714285714285717,,,,,,,,,,,0.0,0,,1.0,1.0,,1.0,1.0,,0.0,0.0,,2.0,2.0,,4.0,4.0,,7.0,7.0,,-5.0,-5.0,,-17.0,-17.0,,0.0,0,
2019-03-20,0.0,0.0,,0.0,0.0,,0.0,0.0,,4.0,4.0,,6.0,6.0,,9.0,9.0,,0.0,0.0,,8.0,8.0,,10.0,10.0,,0.0,0.0,,15.0,15.0,,31.0,31.0,,0.0,0.0,,0.0,0.0,,1.0,1.0,,66.0,66.0,,5.0,5.0,,1.0,1.0,,0.0,0.0,,0.0,0.0,,3.0,3.0,,14.0,14.0,,3.0,3.0,,0.0,0.0,,8.0,8.0,,3.0,3.0,,32.0,32.0,,4.0,4.0,,22.0,22.0,,32.0,32.0,,1.0,1.0,,2.0,2.0,,15.0,15.0,,24.0,24.0,,16.0,16.0,,4.0,4.0,,2.0,2.0,,5.4,5.4,,9.4,9.4,,14.4,14.4,,5.6,5.6,,18.6,18.6,,11.6,11.6,,0.1724137931034483,0.1724137931034483,,,,,,,,,,,0.0,0,,0.0,0.0,,0.0,0.0,,-1.0,-1.0,,0.0,0.0,,3.0,3.0,,5.0,5.0,,-2.0,-2.0,,4.0,4.0,,0.0,0,
2019-06-19,0.0,0.0,,0.0,0.0,,0.0,0.0,,4.0,4.0,,4.0,4.0,,7.0,7.0,,0.0,0.0,,8.0,8.0,,12.0,12.0,,0.0,0.0,,11.0,11.0,,31.0,31.0,,0.0,0.0,,1.0,1.0,,2.0,2.0,,75.0,75.0,,7.0,7.0,,1.0,1.0,,0.0,0.0,,0.0,0.0,,3.0,3.0,,22.0,22.0,,3.0,3.0,,0.0,0.0,,7.0,7.0,,3.0,3.0,,36.0,36.0,,6.0,6.0,,24.0,24.0,,30.0,30.0,,1.0,1.0,,2.0,2.0,,15.0,15.0,,24.0,24.0,,15.0,15.0,,5.0,5.0,,1.6,1.6,,5.4,5.4,,9.0,9.0,,16.6,16.6,,7.0,7.0,,19.8,19.8,,11.4,11.4,,0.14035087719298245,0.14035087719298245,,,,,,,,,,,0.0,0,,0.0,0.0,,0.0,0.0,,-2.0,-2.0,,-3.0,-3.0,,4.0,4.0,,3.0,3.0,,4.0,4.0,,7.0,7.0,,0.0,0,
2019-09-18,1.0,1.0,,0.0,0.0,,0.0,0.0,,4.0,4.0,,5.0,5.0,,8.0,8.0,,0.0,0.0,,7.0,7.0,,11.0,11.0,,0.0,0.0,,14.0,14.0,,36.0,36.0,,0.0,0.0,,3.0,3.0,,1.0,1.0,,70.0,70.0,,6.0,6.0,,1.0,1.0,,0.0,0.0,,0.0,0.0,,3.0,3.0,,23.0,23.0,,3.0,3.0,,0.0,0.0,,7.0,7.0,,3.0,3.0,,29.0,29.0,,6.0,6.0,,24.0,24.0,,34.0,34.0,,1.0,1.0,,2.0,2.0,,15.0,15.0,,22.0,22.0,,14.0,14.0,,3.0,3.0,,2.0,2.0,,5.2,5.2,,10.8,10.8,,15.4,15.4,,7.2,7.2,,19.2,19.2,,10.8,10.8,,0.18518518518518517,0.18518518518518517,,,,,,,,,,,0.0,0,,-1.0,-1.0,,1.0,1.0,,1.0,1.0,,-1.0,-1.0,,0.0,0.0,,9.0,9.0,,-5.0,-5.0,,-1.0,-1.0,,0.0,0,
2019-12-11,0.0,0.0,,0.0,0.0,,0.0,0.0,,5.0,5.0,,5.0,5.0,,8.0,8.0,,0.0,0.0,,7.0,7.0,,8.0,8.0,,0.0,0.0,,12.0,12.0,,24.0,24.0,,0.0,0.0,,0.0,0.0,,1.0,1.0,,60.0,60.0,,6.0,6.0,,1.0,1.0,,0.0,0.0,,0.0,0.0,,2.0,2.0,,11.0,11.0,,3.0,3.0,,0.0,0.0,,6.0,6.0,,2.0,2.0,,31.0,31.0,,6.0,6.0,,23.0,23.0,,28.0,28.0,,1.0,1.0,,2.0,2.0,,15.0,15.0,,22.0,22.0,,17.0,17.0,,1.0,1.0,,2.0,2.0,,4.6,4.6,,7.4,7.4,,13.4,13.4,,4.4,4.4,,18.0,18.0,,11.4,11.4,,0.17543859649122806,0.17543859649122806,,,,,,,,,,,0.0,0,,0.0,0.0,,-2.0,-2.0,,-1.0,-1.0,,1.0,1.0,,-2.0,-2.0,,-12.0,-12.0,,-2.0,-2.0,,-15.0,-15.0,,0.0,0,
2020-03-03,2.0,2.0,,1.0,1.0,,1.0,1.0,,42.0,42.0,,5.0,5.0,,9.0,9.0,,0.0,0.0,,5.0,5.0,,22.0,22.0,,0.0,0.0,,31.0,31.0,,100.0,100.0,,0.0,0.0,,8.0,8.0,,1.0,1.0,,58.0,58.0,,6.0,6.0,,1.0,1.0,,0.0,0.0,,0.0,0.0,,9.0,9.0,,100.0,100.0,,4.0,4.0,,1.0,1.0,,8.0,8.0,,2.0,2.0,,30.0,30.0,,4.0,4.0,,50.0,50.0,,29.0,29.0,,3.0,3.0,,14.0,14.0,,100.0,100.0,,21.0,21.0,,18.0,18.0,,8.0,8.0,,10.2,10.2,,7.2,7.2,,28.0,28.0,,13.0,13.0,,24.4,24.4,,23.0,23.0,,31.2,31.2,,0.3269230769230769,0.3269230769230769,,,,,,,,,,,0.0,0,,1.0,1.0,,2.0,2.0,,0.0,0.0,,0.0,0.0,,69.0,69.0,,74.0,74.0,,-9.0,-9.0,,-4.0,-4.0,,0.0,0,
2020-03-15,2.0,2.0,,1.0,1.0,,1.0,1.0,,42.0,42.0,,5.0,5.0,,9.0,9.0,,0.0,0.0,,5.0,5.0,,22.0,22.0,,0.0,0.0,,31.0,31.0,,100.0,100.0,,0.0,0.0,,8.0,8.0,,1.0,1.0,,58.0,58.0,,6.0,6.0,,1.0,1.0,,0.0,0.0,,0.0,0.0,,9.0,9.0,,100.0,100.0,,4.0,4.0,,1.0,1.0,,8.0,8.0,,2.0,2.0,,30.0,30.0,,4.0,4.0,,50.0,50.0,,29.0,29.0,,3.0,3.0,,14.0,14.0,,100.0,100.0,,21.0,21.0,,18.0,18.0,,8.0,8.0,,10.2,10.2,,7.2,7.2,,28.0,28.0,,13.0,13.0,,24.4,24.4,,23.0,23.0,,31.2,31.2,,0.3269230769230769,0.3269230769230769,,,,,,,,,,,0.0,0,,1.0,1.0,,2.0,2.0,,0.0,0.0,,0.0,0.0,,69.0,69.0,,74.0,74.0,,-9.0,-9.0,,-4.0,-4.0,,0.0,0,
2020-06-10,1.0,1.0,,0.0,0.0,,1.0,1.0,,59.0,59.0,,4.0,4.0,,7.0,7.0,,0.0,0.0,,6.0,6.0,,6.0,6.0,,0.0,0.0,,14.0,14.0,,36.0,36.0,,0.0,0.0,,0.0,0.0,,1.0,1.0,,63.0,63.0,,7.0,7.0,,1.0,1.0,,0.0,0.0,,0.0,0.0,,4.0,4.0,,31.0,31.0,,3.0,3.0,,1.0,1.0,,11.0,11.0,,3.0,3.0,,27.0,27.0,,3.0,3.0,,40.0,40.0,,43.0,43.0,,2.0,2.0,,7.0,7.0,,35.0,35.0,,21.0,21.0,,15.0,15.0,,11.0,11.0,,13.0,13.0,,3.8,3.8,,10.2,10.2,,14.2,14.2,,10.0,10.0,,23.2,23.2,,16.0,16.0,,0.8125,0.8125,,,,,,,,,,,0.0,0,,0.0,0.0,,0.0,0.0,,-2.0,-2.0,,-2.0,-2.0,,-3.0,-3.0,,5.0,5.0,,7.0,7.0,,-4.0,-4.0,,0.0,0,
2020-09-16,0.0,0.0,,0.0,0.0,,1.0,1.0,,44.0,44.0,,5.0,5.0,,9.0,9.0,,0.0,0.0,,6.0,6.0,,6.0,6.0,,0.0,0.0,,11.0,11.0,,32.0,32.0,,0.0,0.0,,0.0,0.0,,1.0,1.0,,62.0,62.0,,6.0,6.0,,1.0,1.0,,0.0,0.0,,0.0,0.0,,3.0,3.0,,22.0,22.0,,3.0,3.0,,1.0,1.0,,9.0,9.0,,3.0,3.0,,22.0,22.0,,4.0,4.0,,33.0,33.0,,27.0,27.0,,1.0,1.0,,4.0,4.0,,26.0,26.0,,22.0,22.0,,14.0,14.0,,5.0,5.0,,10.0,10.0,,4.2,4.2,,8.8,8.8,,13.8,13.8,,7.6,7.6,,17.8,17.8,,13.4,13.4,,0.7462686567164178,0.7462686567164178,,,,,,,,,,,0.0,0,,0.0,0.0,,-1.0,-1.0,,2.0,2.0,,0.0,0.0,,-1.0,-1.0,,-7.0,-7.0,,0.0,0.0,,6.0,6.0,,0.0,0,
2020-11-05,0.0,0.0,,0.0,0.0,,1.0,1.0,,27.0,27.0,,4.0,4.0,,8.0,8.0,,0.0,0.0,,6.0,6.0,,8.0,8.0,,0.0,0.0,,12.0,12.0,,27.0,27.0,,0.0,0.0,,0.0,0.0,,1.0,1.0,,50.0,50.0,,6.0,6.0,,1.0,1.0,,0.0,0.0,,0.0,0.0,,3.0,3.0,,17.0,17.0,,3.0,3.0,,1.0,1.0,,8.0,8.0,,2.0,2.0,,24.0,24.0,,4.0,4.0,,33.0,33.0,,24.0,24.0,,1.0,1.0,,5.0,5.0,,28.0,28.0,,20.0,20.0,,15.0,15.0,,4.0,4.0,,6.4,6.4,,4.4,4.4,,8.0,8.0,,11.4,11.4,,6.4,6.4,,17.4,17.4,,13.8,13.8,,0.463768115942029,0.463768115942029,,,,,,,,,,,0.0,0,,0.0,0.0,,0.0,0.0,,-1.0,-1.0,,1.0,1.0,,-2.0,-2.0,,-8.0,-8.0,,-8.0,-8.0,,-12.0,-12.0,,0.0,0,
2020-12-16,0.0,0.0,,0.0,0.0,,0.0,0.0,,36.0,36.0,,4.0,4.0,,9.0,9.0,,0.0,0.0,,6.0,6.0,,6.0,6.0,,0.0,0.0,,14.0,14.0,,26.0,26.0,,0.0,0.0,,0.0,0.0,,1.0,1.0,,53.0,53.0,,6.0,6.0,,1.0,1.0,,0.0,0.0,,0.0,0.0,,3.0,3.0,,18.0,18.0,,3.0,3.0,,1.0,1.0,,8.0,8.0,,2.0,2.0,,28.0,28.0,,4.0,4.0,,36.0,36.0,,22.0,22.0,,2.0,2.0,,6.0,6.0,,25.0,25.0,,23.0,23.0,,18.0,18.0,,3.0,3.0,,8.0,8.0,,4.2,4.2,,8.2,8.2,,12.0,12.0,,6.6,6.6,,18.4,18.4,,14.8,14.8,,0.5405405405405405,0.5405405405405405,,,,,,,,,,,0.0,0,,0.0,0.0,,0.0,0.0,,1.0,1.0,,2.0,2.0,,-1.0,-1.0,,-7.0,-7.0,,3.0,3.0,,-9.0,-9.0,,0.0,0,
2021-03-17,0.0,0.0,,0.0,0.0,,0.0,0.0,,36.0,36.0,,4.0,4.0,,12.0,12.0,,1.0,1.0,,6.0,6.0,,18.0,18.0,,0.0,0.0,,13.0,13.0,,36.0,36.0,,0.0,0.0,,0.0,0.0,,2.0,2.0,,52.0,52.0,,5.0,5.0,,1.0,1.0,,0.0,0.0,,0.0,0.0,,4.0,4.0,,23.0,23.0,,4.0,4.0,,1.0,1.0,,11.0,11.0,,3.0,3.0,,24.0,24.0,,3.0,3.0,,32.0,32.0,,21.0,21.0,,2.0,2.0,,5.0,5.0,,26.0,26.0,,24.0,24.0,,16.0,16.0,,15.0,15.0,,8.0,8.0,,7.4,7.4,,10.2,10.2,,11.6,11.6,,8.6,8.6,,16.6,16.6,,14.6,14.6,,0.547945205479452,0.547945205479452,,,,,,,,,,,0.0,0,,0.0,0.0,,0.0,0.0,,0.0,0.0,,4.0,4.0,,2.0,2.0,,9.0,9.0,,-6.0,-6.0,,2.0,2.0,,0.0,0,
2021-06-16,0.0,0.0,,0.0,0.0,,0.0,0.0,,27.0,27.0,,4.0,4.0,,12.0,12.0,,0.0,0.0,,6.0,6.0,,12.0,12.0,,0.0,0.0,,11.0,11.0,,27.0,27.0,,0.0,0.0,,0.0,0.0,,2.0,2.0,,64.0,64.0,,7.0,7.0,,1.0,1.0,,0.0,0.0,,0.0,0.0,,6.0,6.0,,15.0,15.0,,4.0,4.0,,1.0,1.0,,9.0,9.0,,5.0,5.0,,23.0,23.0,,4.0,4.0,,36.0,36.0,,21.0,21.0,,1.0,1.0,,4.0,4.0,,19.0,19.0,,24.0,24.0,,15.0,15.0,,6.0,6.0,,6.2,6.2,,6.0,6.0,,8.0,8.0,,14.4,14.4,,7.0,7.0,,17.8,17.8,,12.6,12.6,,0.4920634920634921,0.4920634920634921,,,,,,,,,,,0.0,0,,0.0,0.0,,0.0,0.0,,-5.0,-5.0,,0.0,0.0,,-1.0,-1.0,,-7.0,-7.0,,5.0,5.0,,6.0,6.0,,0.0,0,
2021-09-22,0.0,0.0,,0.0,0.0,,0.0,0.0,,16.0,16.0,,4.0,4.0,,11.0,11.0,,0.0,0.0,,7.0,7.0,,10.0,10.0,,0.0,0.0,,10.0,10.0,,24.0,24.0,,0.0,0.0,,0.0,0.0,,1.0,1.0,,62.0,62.0,,7.0,7.0,,1.0,1.0,,0.0,0.0,,0.0,0.0,,5.0,5.0,,12.0,12.0,,3.0,3.0,,1.0,1.0,,9.0,9.0,,4.0,4.0,,23.0,23.0,,4.0,4.0,,43.0,43.0,,18.0,18.0,,1.0,1.0,,2.0,2.0,,18.0,18.0,,21.0,21.0,,14.0,14.0,,7.0,7.0,,4.0,4.0,,5.6,5.6,,7.0,7.0,,14.0,14.0,,6.0,6.0,,18.4,18.4,,11.2,11.2,,0.35714285714285715,0.35714285714285715,,,,,,,,,,,0.0,0,,0.0,0.0,,0.0,0.0,,2.0,2.0,,-6.0,-6.0,,1.0,1.0,,-4.0,-4.0,,-2.0,-2.0,,3.0,3.0,,0.0,0,
2021-11-03,0.0,0.0,,0.0,0.0,,0.0,0.0,,7.0,7.0,,4.0,4.0,,19.0,19.0,,0.0,0.0,,6.0,6.0,,19.0,19.0,,0.0,0.0,,13.0,13.0,,30.0,30.0,,0.0,0.0,,0.0,0.0,,2.0,2.0,,59.0,59.0,,6.0,6.0,,1.0,1.0,,0.0,0.0,,0.0,0.0,,4.0,4.0,,15.0,15.0,,3.0,3.0,,1.0,1.0,,8.0,8.0,,4.0,4.0,,25.0,25.0,,4.0,4.0,,36.0,36.0,,18.0,18.0,,1.0,1.0,,3.0,3.0,,20.0,20.0,,23.0,23.0,,16.0,16.0,,14.0,14.0,,2.2,2.2,,8.8,8.8,,9.0,9.0,,13.2,13.2,,6.2,6.2,,17.4,17.4,,12.6,12.6,,0.17460317460317462,0.17460317460317462,,,,,,,,,,,0.0,0,,0.0,0.0,,0.0,0.0,,4.0,4.0,,8.0,8.0,,3.0,3.0,,5.0,5.0,,-2.0,-2.0,,-4.0,-4.0,,0.0,0,
2021-12-15,0.0,0.0,,0.0,0.0,,0.0,0.0,,7.0,7.0,,4.0,4.0,,17.0,17.0,,0.0,0.0,,6.0,6.0,,11.0,11.0,,0.0,0.0,,13.0,13.0,,26.0,26.0,,0.0,0.0,,0.0,0.0,,2.0,2.0,,53.0,53.0,,6.0,6.0,,1.0,1.0,,0.0,0.0,,0.0,0.0,,4.0,4.0,,11.0,11.0,,3.0,3.0,,1.0,1.0,,8.0,8.0,,4.0,4.0,,26.0,26.0,,4.0,4.0,,33.0,33.0,,17.0,17.0,,1.0,1.0,,3.0,3.0,,24.0,24.0,,22.0,22.0,,16.0,16.0,,9.0,9.0,,2.2,2.2,,6.8,6.8,,8.2,8.2,,12.0,12.0,,5.4,5.4,,16.8,16.8,,13.2,13.2,,0.16666666666666669,0.16666666666666669,,,,,,,,,,,0.0,0,,0.0,0.0,,0.0,0.0,,-2.0,-2.0,,8.0,8.0,,-4.0,-4.0,,3.0,3.0,,-6.0,-6.0,,-11.0,-11.0,,0.0,0,
2022-03-16,1.0,1.0,,0.0,0.0,,0.0,0.0,,7.0,7.0,,5.0,5.0,,25.0,25.0,,1.0,1.0,,9.0,9.0,,98.0,98.0,,0.0,0.0,,18.0,18.0,,54.0,54.0,,2.0,2.0,,0.0,0.0,,3.0,3.0,,67.0,67.0,,6.0,6.0,,1.0,1.0,,0.0,0.0,,0.0,0.0,,8.0,8.0,,24.0,24.0,,5.0,5.0,,2.0,2.0,,11.0,11.0,,5.0,5.0,,23.0,23.0,,4.0,4.0,,36.0,36.0,,20.0,20.0,,1.0,1.0,,3.0,3.0,,25.0,25.0,,26.0,26.0,,18.0,18.0,,9.0,9.0,,2.6,2.6,,26.6,26.6,,15.4,15.4,,14.8,14.8,,10.0,10.0,,17.6,17.6,,14.6,14.6,,0.17808219178082194,0.17808219178082194,,,,,,,,0.3789526860038803,0.3789526860038803,,0.0,0,,1.0,1.0,,1.0,1.0,,2.0,2.0,,6.0,6.0,,14.0,14.0,,24.0,24.0,,3.0,3.0,,8.0,8.0,,0.0,0,
2022-05-04,2.0,2.0,,1.0,1.0,,1.0,1.0,,5.0,5.0,,5.0,5.0,,27.0,27.0,,1.0,1.0,,8.0,8.0,,43.0,43.0,,0.0,0.0,,20.0,20.0,,59.0,59.0,,3.0,3.0,,0.0,0.0,,5.0,5.0,,61.0,61.0,,6.0,6.0,,1.0,1.0,,0.0,0.0,,0.0,0.0,,10.0,10.0,,24.0,24.0,,5.0,5.0,,2.0,2.0,,10.0,10.0,,5.0,5.0,,25.0,25.0,,5.0,5.0,,37.0,37.0,,19.0,19.0,,1.0,1.0,,2.0,2.0,,30.0,30.0,,23.0,23.0,,16.0,16.0,,13.0,13.0,,2.8,2.8,,15.8,15.8,,17.4,17.4,,13.6,13.6,,10.2,10.2,,18.2,18.2,,14.4,14.4,,0.19444444444444442,0.19444444444444442,,-0.42253321930087134,-0.42253321930087134,,2.261157527711393,2.261157527711393,,2.060655227549149,2.060655227549149,,1.0,1,,1.0,1.0,,2.0,2.0,,2.0,2.0,,9.0,9.0,,1.0,1.0,,20.0,20.0,,-1.0,-1.0,,-4.0,-4.0,,1.0,1,
2022-06-15,3.0,3.0,,0.0,0.0,,1.0,1.0,,5.0,5.0,,4.0,4.0,,32.0,32.0,,1.0,1.0,,8.0,8.0,,68.0,68.0,,0.0,0.0,,19.0,19.0,,71.0,71.0,,8.0,8.0,,0.0,0.0,,5.0,5.0,,64.0,64.0,,7.0,7.0,,1.0,1.0,,0.0,0.0,,0.0,0.0,,12.0,12.0,,31.0,31.0,,5.0,5.0,,3.0,3.0,,9.0,9.0,,5.0,5.0,,26.0,26.0,,5.0,5.0,,43.0,43.0,,22.0,22.0,,1.0,1.0,,2.0,2.0,,28.0,28.0,,22.0,22.0,,16.0,16.0,,14.0,14.0,,2.6,2.6,,21.8,21.8,,20.6,20.6,,14.4,14.4,,12.0,12.0,,20.2,20.2,,13.8,13.8,,0.18840579710144928,0.18840579710144928,,0.4401232114564878,0.4401232114564878,,2.8744919872891876,2.8744919872891876,,2.2105194311298737,2.2105194311298737,,1.0,1,,1.0,1.0,,3.0,3.0,,5.0,5.0,,9.0,9.0,,12.0,12.0,,31.0,31.0,,3.0,3.0,,0.0,0.0,,1.0,1,
2022-09-21,1.0,1.0,,0.0,0.0,,1.0,1.0,,4.0,4.0,,4.0,4.0,,26.0,26.0,,0.0,0.0,,8.0,8.0,,21.0,21.0,,0.0,0.0,,16.0,16.0,,59.0,59.0,,8.0,8.0,,0.0,0.0,,6.0,6.0,,62.0,62.0,,6.0,6.0,,1.0,1.0,,0.0,0.0,,0.0,0.0,,10.0,10.0,,24.0,24.0,,4.0,4.0,,2.0,2.0,,9.0,9.0,,5.0,5.0,,24.0,24.0,,5.0,5.0,,44.0,44.0,,19.0,19.0,,1.0,1.0,,2.0,2.0,,23.0,23.0,,21.0,21.0,,14.0,14.0,,15.0,15.0,,2.0,2.0,,11.0,11.0,,17.8,17.8,,13.8,13.8,,9.8,9.8,,19.4,19.4,,12.2,12.2,,0.1639344262295082,0.1639344262295082,,0.055301699145244236,0.055301699145244236,,1.8830766739447058,1.8830766739447058,,2.2105770692255255,2.2105770692255255,,1.0,1,,0.0,0.0,,-1.0,-1.0,,-9.0,-9.0,,-1.0,-1.0,,15.0,15.0,,0.0,0.0,,-8.0,-8.0,,1.0,1.0,,0.0,0,
2022-11-02,1.0,1.0,,0.0,0.0,,3.0,3.0,,5.0,5.0,,4.0,4.0,,25.0,25.0,,0.0,0.0,,7.0,7.0,,16.0,16.0,,0.0,0.0,,19.0,19.0,,59.0,59.0,,5.0,5.0,,0.0,0.0,,6.0,6.0,,55.0,55.0,,6.0,6.0,,1.0,1.0,,0.0,0.0,,0.0,0.0,,8.0,8.0,,22.0,22.0,,4.0,4.0,,1.0,1.0,,7.0,7.0,,4.0,4.0,,22.0,22.0,,4.0,4.0,,39.0,39.0,,22.0,22.0,,1.0,1.0,,2.0,2.0,,20.0,20.0,,19.0,19.0,,15.0,15.0,,14.0,14.0,,2.6,2.6,,9.6,9.6,,17.8,17.8,,12.4,12.4,,8.4,8.4,,18.2,18.2,,11.4,11.4,,0.22807017543859648,0.22807017543859648,,-0.450411046670194,-0.450411046670194,,1.7198956337588862,1.7198956337588862,,1.8655758959625226,1.8655758959625226,,0.0,0,,0.0,0.0,,-2.0,-2.0,,-6.0,-6.0,,-2.0,-2.0,,0.0,0.0,,2.0,2.0,,-4.0,-4.0,,-9.0,-9.0,,0.0,0,
2022-12-14,1.0,1.0,,0.0,0.0,,1.0,1.0,,5.0,5.0,,4.0,4.0,,20.0,20.0,,0.0,0.0,,7.0,7.0,,16.0,16.0,,0.0,0.0,,17.0,17.0,,49.0,49.0,,3.0,3.0,,0.0,0.0,,4.0,4.0,,51.0,51.0,,6.0,6.0,,1.0,1.0,,0.0,0.0,,0.0,0.0,,8.0,8.0,,17.0,17.0,,4.0,4.0,,1.0,1.0,,7.0,7.0,,4.0,4.0,,23.0,23.0,,4.0,4.0,,33.0,33.0,,20.0,20.0,,1.0,1.0,,2.0,2.0,,18.0,18.0,,20.0,20.0,,17.0,17.0,,8.0,8.0,,2.2,2.2,,8.6,8.6,,14.6,14.6,,11.6,11.6,,7.4,7.4,,16.8,16.8,,11.6,11.6,,0.18965517241379312,0.18965517241379312,,-1.0204101571383155,-1.0204101571383155,,0.9101641695705635,0.9101641695705635,,0.38610848346314786,0.38610848346314786,,0.0,0,,0.0,0.0,,0.0,0.0,,-5.0,-5.0,,-15.0,-15.0,,-10.0,-10.0,,5.0,5.0,,-4.0,-4.0,,-19.0,-19.0,,0.0,0,
2023-03-22,1.0,1.0,,0.0,0.0,,2.0,2.0,,5.0,5.0,,5.0,5.0,,20.0,20.0,,0.0,0.0,,7.0,7.0,,12.0,12.0,,0.0,0.0,,25.0,25.0,,77.0,77.0,,6.0,6.0,,0.0,0.0,,6.0,6.0,,63.0,63.0,,6.0,6.0,,1.0,1.0,,0.0,0.0,,0.0,0.0,,9.0,9.0,,27.0,27.0,,4.0,4.0,,1.0,1.0,,9.0,9.0,,4.0,4.0,,26.0,26.0,,3.0,3.0,,30.0,30.0,,23.0,23.0,,1.0,1.0,,2.0,2.0,,20.0,20.0,,26.0,26.0,,18.0,18.0,,26.0,26.0,,2.6,2.6,,7.8,7.8,,22.8,22.8,,14.0,14.0,,10.0,10.0,,17.2,17.2,,13.4,13.4,,0.19402985074626866,0.19402985074626866,,-0.8107919553940759,-0.8107919553940759,,2.5253209313278058,2.5253209313278058,,3.838267418804333,3.838267418804333,,1.0,1,,0.0,0.0,,0.0,0.0,,-2.0,-2.0,,-5.0,-5.0,,15.0,15.0,,18.0,18.0,,1.0,1.0,,8.0,8.0,,0.0,0,
2023-05-03,1.0,1.0,,0.0,0.0,,1.0,1.0,,5.0,5.0,,4.0,4.0,,17.0,17.0,,0.0,0.0,,8.0,8.0,,12.0,12.0,,0.0,0.0,,16.0,16.0,,63.0,63.0,,3.0,3.0,,0.0,0.0,,4.0,4.0,,67.0,67.0,,7.0,7.0,,1.0,1.0,,0.0,0.0,,0.0,0.0,,7.0,7.0,,20.0,20.0,,4.0,4.0,,1.0,1.0,,9.0,9.0,,5.0,5.0,,27.0,27.0,,4.0,4.0,,31.0,31.0,,24.0,24.0,,1.0,1.0,,2.0,2.0,,14.0,14.0,,23.0,23.0,,15.0,15.0,,8.0,8.0,,2.2,2.2,,7.4,7.4,,17.2,17.2,,15.0,15.0,,8.2,8.2,,18.2,18.2,,11.0,11.0,,0.2,0.2,,-0.33681831510459975,-0.33681831510459975,,1.2020972499937,1.2020972499937,,0.18370910128007112,0.18370910128007112,,0.0,0,,0.0,0.0,,0.0,0.0,,-2.0,-2.0,,-2.0,-2.0,,4.0,4.0,,9.0,9.0,,5.0,5.0,,-2.0,-2.0,,0.0,0,
2023-06-14,1.0,1.0,,0.0,0.0,,1.0,1.0,,5.0,5.0,,3.0,3.0,,15.0,15.0,,0.0,0.0,,8.0,8.0,,12.0,12.0,,0.0,0.0,,12.0,12.0,,55.0,55.0,,2.0,2.0,,0.0,0.0,,4.0,4.0,,66.0,66.0,,8.0,8.0,,1.0,1.0,,0.0,0.0,,0.0,0.0,,7.0,7.0,,20.0,20.0,,4.0,4.0,,2.0,2.0,,9.0,9.0,,5.0,5.0,,30.0,30.0,,5.0,5.0,,35.0,35.0,,23.0,23.0,,1.0,1.0,,2.0,2.0,,15.0,15.0,,23.0,23.0,,17.0,17.0,,11.0,11.0,,2.0,2.0,,7.0,7.0,,14.6,14.6,,15.0,15.0,,8.4,8.4,,19.6,19.6,,11.6,11.6,,0.1724137931034483,0.1724137931034483,,0.31042688986182976,0.31042688986182976,,0.6126773607056463,0.6126773607056463,,0.763053643326576,0.763053643326576,,0.0,0,,0.0,0.0,,0.0,0.0,,-2.0,-2.0,,-7.0,-7.0,,-8.0,-8.0,,-7.0,-7.0,,-1.0,-1.0,,4.0,4.0,,0.0,0,
2023-09-20,1.0,1.0,,0.0,0.0,,1.0,1.0,,5.0,5.0,,4.0,4.0,,19.0,19.0,,0.0,0.0,,9.0,9.0,,16.0,16.0,,0.0,0.0,,13.0,13.0,,56.0,56.0,,2.0,2.0,,0.0,0.0,,3.0,3.0,,64.0,64.0,,7.0,7.0,,1.0,1.0,,0.0,0.0,,0.0,0.0,,6.0,6.0,,18.0,18.0,,3.0,3.0,,1.0,1.0,,8.0,8.0,,4.0,4.0,,27.0,27.0,,5.0,5.0,,37.0,37.0,,22.0,22.0,,1.0,1.0,,2.0,2.0,,12.0,12.0,,22.0,22.0,,16.0,16.0,,6.0,6.0,,2.2,2.2,,8.8,8.8,,14.8,14.8,,14.4,14.4,,7.2,7.2,,19.0,19.0,,10.6,10.6,,0.2075471698113208,0.2075471698113208,,0.012392291225575064,0.012392291225575064,,0.5790782504386108,0.5790782504386108,,-0.30502199274436814,-0.30502199274436814,,0.0,0,,0.0,0.0,,0.0,0.0,,3.0,3.0,,2.0,2.0,,-3.0,-3.0,,-7.0,-7.0,,-6.0,-6.0,,-3.0,-3.0,,0.0,0,
2023-12-13,0.0,0.0,,0.0,0.0,,1.0,1.0,,5.0,5.0,,4.0,4.0,,18.0,18.0,,0.0,0.0,,7.0,7.0,,11.0,11.0,,0.0,0.0,,15.0,15.0,,62.0,62.0,,0.0,0.0,,0.0,0.0,,3.0,3.0,,53.0,53.0,,6.0,6.0,,1.0,1.0,,0.0,0.0,,0.0,0.0,,4.0,4.0,,25.0,25.0,,3.0,3.0,,1.0,1.0,,7.0,7.0,,4.0,4.0,,27.0,27.0,,4.0,4.0,,27.0,27.0,,22.0,22.0,,1.0,1.0,,2.0,2.0,,14.0,14.0,,24.0,24.0,,21.0,21.0,,8.0,8.0,,2.0,2.0,,7.2,7.2,,16.0,16.0,,12.0,12.0,,8.0,8.0,,16.8,16.8,,12.4,12.4,,0.16129032258064516,0.16129032258064516,,-0.919650056214939,-0.919650056214939,,0.7521724372618513,0.7521724372618513,,0.08458648266947215,0.08458648266947215,,0.0,0,,-1.0,-1.0,,-1.0,-1.0,,-1.0,-1.0,,2.0,2.0,,1.0,1.0,,3.0,3.0,,-7.0,-7.0,,-17.0,-17.0,,0.0,0,
2024-03-20,0.0,0.0,,0.0,0.0,,1.0,1.0,,5.0,5.0,,4.0,4.0,,20.0,20.0,,0.0,0.0,,8.0,8.0,,12.0,12.0,,0.0,0.0,,15.0,15.0,,58.0,58.0,,0.0,0.0,,1.0,1.0,,4.0,4.0,,63.0,63.0,,7.0,7.0,,1.0,1.0,,0.0,0.0,,0.0,0.0,,4.0,4.0,,20.0,20.0,,3.0,3.0,,1.0,1.0,,9.0,9.0,,4.0,4.0,,21.0,21.0,,3.0,3.0,,25.0,25.0,,28.0,28.0,,1.0,1.0,,3.0,3.0,,16.0,16.0,,30.0,30.0,,22.0,22.0,,13.0,13.0,,2.0,2.0,,8.0,8.0,,15.6,15.6,,14.2,14.2,,7.4,7.4,,16.2,16.2,,14.4,14.4,,0.1388888888888889,0.1388888888888889,,-1.1384827007851541,-1.1384827007851541,,0.6027829076837933,0.6027829076837933,,1.077124504980865,1.077124504980865,,0.0,0,,-1.0,-1.0,,-1.0,-1.0,,-1.0,-1.0,,1.0,1.0,,1.0,1.0,,-3.0,-3.0,,-1.0,-1.0,,3.0,3.0,,0.0,0,
2024-06-12,0.0,0.0,,0.0,0.0,,1.0,1.0,,5.0,5.0,,3.0,3.0,,17.0,17.0,,0.0,0.0,,8.0,8.0,,10.0,10.0,,0.0,0.0,,13.0,13.0,,49.0,49.0,,0.0,0.0,,0.0,0.0,,3.0,3.0,,70.0,70.0,,9.0,9.0,,1.0,1.0,,0.0,0.0,,0.0,0.0,,4.0,4.0,,20.0,20.0,,3.0,3.0,,1.0,1.0,,9.0,9.0,,4.0,4.0,,24.0,24.0,,4.0,4.0,,28.0,28.0,,27.0,27.0,,1.0,1.0,,2.0,2.0,,13.0,13.0,,23.0,23.0,,18.0,18.0,,6.0,6.0,,1.8,1.8,,7.0,7.0,,13.0,13.0,,16.0,16.0,,7.4,7.4,,17.4,17.4,,11.4,11.4,,0.15789473684210525,0.15789473684210525,,-0.5441540197883646,-0.5441540197883646,,-0.03680585329508653,-0.03680585329508653,,-0.5341636471356349,-0.5341636471356349,,0.0,0,,0.0,0.0,,-1.0,-1.0,,-3.0,-3.0,,-4.0,-4.0,,-4.0,-4.0,,-8.0,-8.0,,0.0,0.0,,6.0,6.0,,0.0,0,
2024-09-18,1.0,1.0,,0.0,0.0,,1.0,1.0,,5.0,5.0,,4.0,4.0,,20.0,20.0,,0.0,0.0,,7.0,7.0,,11.0,11.0,,1.0,1.0,,19.0,19.0,,82.0,82.0,,0.0,0.0,,9.0,9.0,,6.0,6.0,,66.0,66.0,,7.0,7.0,,1.0,1.0,,0.0,0.0,,0.0,0.0,,3.0,3.0,,37.0,37.0,,3.0,3.0,,1.0,1.0,,8.0,8.0,,4.0,4.0,,21.0,21.0,,4.0,4.0,,29.0,29.0,,26.0,26.0,,1.0,1.0,,2.0,2.0,,15.0,15.0,,23.0,23.0,,18.0,18.0,,13.0,13.0,,2.2,2.2,,7.8,7.8,,23.2,23.2,,14.8,14.8,,10.4,10.4,,16.8,16.8,,11.8,11.8,,0.1864406779661017,0.1864406779661017,,-0.9847832938606375,-0.9847832938606375,,2.37137549576146,2.37137549576146,,0.9333503202135612,0.9333503202135612,,0.0,0,,0.0,0.0,,1.0,1.0,,2.0,2.0,,0.0,0.0,,19.0,19.0,,29.0,29.0,,-7.0,-7.0,,-4.0,-4.0,,0.0,0,
2024-11-07,0.0,0.0,,0.0,0.0,,1.0,1.0,,5.0,5.0,,4.0,4.0,,20.0,20.0,,0.0,0.0,,8.0,8.0,,10.0,10.0,,1.0,1.0,,20.0,20.0,,60.0,60.0,,0.0,0.0,,3.0,3.0,,3.0,3.0,,60.0,60.0,,7.0,7.0,,1.0,1.0,,0.0,0.0,,0.0,0.0,,4.0,4.0,,26.0,26.0,,3.0,3.0,,0.0,0.0,,8.0,8.0,,4.0,4.0,,20.0,20.0,,3.0,3.0,,27.0,27.0,,28.0,28.0,,1.0,1.0,,3.0,3.0,,24.0,24.0,,23.0,23.0,,21.0,21.0,,19.0,19.0,,2.0,2.0,,7.8,7.8,,17.2,17.2,,13.6,13.6,,8.2,8.2,,16.4,16.4,,14.4,14.4,,0.1388888888888889,0.1388888888888889,,-1.352689500891733,-1.352689500891733,,0.9088421120704635,0.9088421120704635,,2.116153572524977,2.116153572524977,,1.0,1,,0.0,0.0,,0.0,0.0,,1.0,1.0,,3.0,3.0,,11.0,11.0,,10.0,10.0,,-4.0,-4.0,,-9.0,-9.0,,0.0,0,
2024-12-18,0.0,0.0,,0.0,0.0,,1.0,1.0,,5.0,5.0,,4.0,4.0,,16.0,16.0,,0.0,0.0,,7.0,7.0,,8.0,8.0,,1.0,1.0,,16.0,16.0,,51.0,51.0,,0.0,0.0,,4.0,4.0,,4.0,4.0,,55.0,55.0,,7.0,7.0,,1.0,1.0,,0.0,0.0,,0.0,0.0,,3.0,3.0,,21.0,21.0,,3.0,3.0,,0.0,0.0,,7.0,7.0,,4.0,4.0,,23.0,23.0,,4.0,4.0,,24.0,24.0,,25.0,25.0,,1.0,1.0,,3.0,3.0,,20.0,20.0,,24.0,24.0,,22.0,22.0,,12.0,12.0,,2.0,2.0,,6.4,6.4,,15.0,15.0,,12.6,12.6,,6.8,6.8,,16.0,16.0,,14.0,14.0,,0.14285714285714285,0.14285714285714285,,-1.6335154085549242,-1.6335154085549242,,0.3629611044067899,0.3629611044067899,,0.6274181351340475,0.6274181351340475,,0.0,0,,0.0,0.0,,-1.0,-1.0,,-4.0,-4.0,,-2.0,-2.0,,-9.0,-9.0,,-12.0,-12.0,,-5.0,-5.0,,-18.0,-18.0,,0.0,0,
2025-03-19,2.0,2.0,,0.0,0.0,,1.0,1.0,,5.0,5.0,,4.0,4.0,,19.0,19.0,,0.0,0.0,,8.0,8.0,,11.0,11.0,,1.0,1.0,,16.0,16.0,,63.0,63.0,,0.0,0.0,,1.0,1.0,,4.0,4.0,,65.0,65.0,,8.0,8.0,,1.0,1.0,,0.0,0.0,,0.0,0.0,,4.0,4.0,,27.0,27.0,,3.0,3.0,,1.0,1.0,,9.0,9.0,,4.0,4.0,,20.0,20.0,,3.0,3.0,,24.0,24.0,,32.0,32.0,,1.0,1.0,,3.0,3.0,,39.0,39.0,,27.0,27.0,,22.0,22.0,,11.0,11.0,,2.4,2.4,,7.8,7.8,,16.8,16.8,,14.8,14.8,,8.8,8.8,,16.6,16.6,,18.4,18.4,,0.13043478260869565,0.13043478260869565,,-1.0779109880480278,-1.0779109880480278,,0.7251955447704352,0.7251955447704352,,0.37010457590661394,0.37010457590661394,,0.0,0,,1.0,1.0,,2.0,2.0,,-1.0,-1.0,,-1.0,-1.0,,8.0,8.0,,3.0,3.0,,-3.0,-3.0,,5.0,5.0,,0.0,0,
2025-05-07,1.0,1.0,,0.0,0.0,,1.0,1.0,,5.0,5.0,,4.0,4.0,,16.0,16.0,,0.0,0.0,,7.0,7.0,,11.0,11.0,,1.0,1.0,,12.0,12.0,,48.0,48.0,,0.0,0.0,,1.0,1.0,,4.0,4.0,,65.0,65.0,,8.0,8.0,,1.0,1.0,,0.0,0.0,,0.0,0.0,,4.0,4.0,,21.0,21.0,,3.0,3.0,,1.0,1.0,,9.0,9.0,,5.0,5.0,,21.0,21.0,,4.0,4.0,,25.0,25.0,,29.0,29.0,,1.0,1.0,,2.0,2.0,,24.0,24.0,,26.0,26.0,,18.0,18.0,,12.0,12.0,,2.2,2.2,,7.0,7.0,,13.0,13.0,,14.8,14.8,,7.6,7.6,,16.8,16.8,,14.2,14.2,,0.15492957746478875,0.15492957746478875,,-0.8634894527947209,-0.8634894527947209,,-0.30070239747392097,-0.30070239747392097,,0.24946248262073312,0.24946248262073312,,0.0,0,,-1.0,-1.0,,1.0,1.0,,-2.0,-2.0,,0.0,0.0,,-17.0,-17.0,,-8.0,-8.0,,1.0,1.0,,-4.0,-4.0,,0.0,0,
2025-06-18,0.0,0.0,,0.0,0.0,,1.0,1.0,,5.0,5.0,,3.0,3.0,,14.0,14.0,,0.0,0.0,,8.0,8.0,,11.0,11.0,,0.0,0.0,,13.0,13.0,,51.0,51.0,,0.0,0.0,,1.0,1.0,,3.0,3.0,,66.0,66.0,,9.0,9.0,,1.0,1.0,,0.0,0.0,,0.0,0.0,,5.0,5.0,,20.0,20.0,,4.0,4.0,,1.0,1.0,,9.0,9.0,,5.0,5.0,,21.0,21.0,,4.0,4.0,,26.0,26.0,,31.0,31.0,,1.0,1.0,,2.0,2.0,,22.0,22.0,,29.0,29.0,,19.0,19.0,,30.0,30.0,,1.8,1.8,,6.6,6.6,,13.6,13.6,,15.2,15.2,,7.8,7.8,,17.4,17.4,,14.6,14.6,,0.12328767123287672,0.12328767123287672,,-0.32931839211022884,-0.32931839211022884,,-0.16759309444697262,-0.16759309444697262,,2.6154614315260982,2.6154614315260982,,1.0,1,,-1.0,-1.0,,-1.0,-1.0,,-2.0,-2.0,,-6.0,-6.0,,3.0,3.0,,-4.0,-4.0,,1.0,1.0,,-2.0,-2.0,,0.0,0,
2025-09-17,1.0,1.0,,0.0,0.0,,1.0,1.0,,4.0,4.0,,4.0,4.0,,20.0,20.0,,0.0,0.0,,9.0,9.0,,9.0,9.0,,1.0,1.0,,23.0,23.0,,79.0,79.0,,0.0,0.0,,10.0,10.0,,8.0,8.0,,61.0,61.0,,8.0,8.0,,1.0,1.0,,1.0,1.0,,0.0,0.0,,4.0,4.0,,37.0,37.0,,4.0,4.0,,0.0,0.0,,9.0,9.0,,5.0,5.0,,20.0,20.0,,4.0,4.0,,26.0,26.0,,33.0,33.0,,1.0,1.0,,3.0,3.0,,22.0,22.0,,28.0,28.0,,21.0,21.0,,25.0,25.0,,2.0,2.0,,7.8,7.8,,24.0,24.0,,14.2,14.2,,10.8,10.8,,17.6,17.6,,15.0,15.0,,0.13333333333333333,0.13333333333333333,,-0.2816318697531252,-0.2816318697531252,,2.2884368654440483,2.2884368654440483,,0.7615078779172312,0.7615078779172312,,0.0,0,,1.0,1.0,,0.0,0.0,,1.0,1.0,,4.0,4.0,,19.0,19.0,,31.0,31.0,,-4.0,-4.0,,-4.0,-4.0,,0.0,0,
2025-11-05,1.0,1.0,,0.0,0.0,,1.0,1.0,,5.0,5.0,,4.0,4.0,,25.0,25.0,,0.0,0.0,,13.0,13.0,,9.0,9.0,,1.0,1.0,,27.0,27.0,,52.0,52.0,,0.0,0.0,,3.0,3.0,,5.0,5.0,,56.0,56.0,,8.0,8.0,,1.0,1.0,,1.0,1.0,,0.0,0.0,,9.0,9.0,,24.0,24.0,,5.0,5.0,,1.0,1.0,,10.0,10.0,,5.0,5.0,,20.0,20.0,,4.0,4.0,,58.0,58.0,,32.0,32.0,,1.0,1.0,,3.0,3.0,,28.0,28.0,,28.0,28.0,,21.0,21.0,,10.0,10.0,,2.2,2.2,,9.6,9.6,,17.4,17.4,,13.2,13.2,,9.8,9.8,,23.8,23.8,,16.2,16.2,,0.1358024691358025,0.1358024691358025,,3.0290016257858543,3.0290016257858543,,0.563376944790854,0.563376944790854,,-0.2533270405138171,-0.2533270405138171,,0.0,0,,0.0,0.0,,1.0,1.0,,5.0,5.0,,4.0,4.0,,-6.0,-6.0,,-17.0,-17.0,,-3.0,-3.0,,-15.0,-15.0,,0.0,0,
2025-12-17,0.0,0.0,,0.0,0.0,,1.0,1.0,,6.0,6.0,,4.0,4.0,,26.0,26.0,,1.0,1.0,,13.0,13.0,,11.0,11.0,,1.0,1.0,,35.0,35.0,,75.0,75.0,,0.0,0.0,,9.0,9.0,,10.0,10.0,,53.0,53.0,,8.0,8.0,,1.0,1.0,,1.0,1.0,,0.0,0.0,,9.0,9.0,,26.0,26.0,,8.0,8.0,,1.0,1.0,,11.0,11.0,,4.0,4.0,,23.0,23.0,,4.0,4.0,,25.0,25.0,,36.0,36.0,,1.0,1.0,,3.0,3.0,,25.0,25.0,,33.0,33.0,,24.0,24.0,,19.0,19.0,,2.2,2.2,,10.4,10.4,,25.8,25.8,,12.6,12.6,,11.0,11.0,,18.4,18.4,,17.2,17.2,,0.12790697674418605,0.12790697674418605,,0.11682633024956442,0.11682633024956442,,2.7006248614934862,2.7006248614934862,,0.32830968455589415,0.32830968455589415,,0.0,0,,-1.0,-1.0,,0.0,0.0,,1.0,1.0,,7.0,7.0,,23.0,23.0,,15.0,15.0,,-3.0,-3.0,,-12.0,-12.0,,0.0,0,
